time,goal_x,goal_y,linear_x,angular_z,deadends
1.5979480743408203,1.8054407641498905e-05,8.957221459663824,0.0,0.0,340,360,360,360,360,360,280
1.688767910003662,1.8253160438173075e-05,8.957221372397054,0.0,0.0,340,360,360,360,360,360,280
1.739098072052002,1.8386282294392326e-05,8.95722131394422,0.0,0.0,340,360,360,360,360,360,280
1.7818200588226318,1.8451837242753835e-05,8.95722128515871,0.0,0.0,340,360,360,360,360,360,280
1.8353300094604492,1.851937005586614e-05,8.957221255504148,0.0,0.0,340,360,360,360,360,360,280
1.8768339157104492,1.8584908217939552e-05,8.957221226724915,0.0,0.0,340,360,360,360,360,360,280
1.9171040058135986,1.8650438115553533e-05,8.957221197948776,0.0,0.0,340,360,360,360,360,360,280
1.9523789882659912,1.8717945125822505e-05,8.957221168303867,0.0,0.0,340,360,360,360,360,360,280
1.9902019500732422,1.884896311782008e-05,8.957221110767229,0.05235987755982833,0.0,340,360,360,360,360,360,280
2.0329439640045166,1.8916444346099456e-05,8.957221081131966,0.2617993877991417,0.0,340,360,360,360,360,360,280
2.0755279064178467,1.701690218870783e-05,8.957220425265188,0.2617993877991417,0.0,340,360,360,360,360,360,280
2.120110034942627,2.5646062668918643e-05,8.95721679150002,0.2617993877991417,0.0,340,360,360,360,360,360,280
2.16227388381958,4.9917221934079794e-05,8.957173822739463,0.2617993877991417,0.0,340,360,360,360,360,360,280
2.204011917114258,7.447630001511996e-05,8.956577625477951,0.2617993877991417,0.0,340,360,360,360,360,360,280
2.2480459213256836,8.78910301287442e-05,8.95433433963721,0.2617993877991417,0.0,340,360,360,360,360,360,280
2.2884039878845215,9.36001710984223e-05,8.952222526764427,0.2617993877991417,0.0,340,360,360,360,360,360,280
2.328130006790161,9.941467140366542e-05,8.949150081730227,0.2617993877991417,0.0,340,360,360,360,360,360,280
2.3705430030822754,0.0001056418735828881,8.945211003542923,0.2617993877991417,0.0,340,360,360,360,360,360,280
2.4122509956359863,0.00012183150124747123,8.934299034402175,0.2617993877991417,0.0,340,360,360,360,360,360,280
2.4673969745635986,0.00013204648137969772,8.927662102629233,0.2617993877991417,0.0,340,360,360,360,360,360,280
2.51786208152771,0.00014361962995289066,8.920421913983246,0.2617993877991417,0.03490658503988556,340,360,360,360,360,360,280
2.5579888820648193,0.00015053243275626413,8.912588870285024,0.2617993877991417,0.06981317007977111,340,360,360,360,360,360,280
2.596266984939575,0.0001539063674164951,8.904892611835404,0.2617993877991417,0.08726646259971389,340,360,360,360,360,360,280
2.638211965560913,0.00019650654080866434,8.88869276515494,0.2617993877991417,0.10471975511965666,340,360,360,360,360,360,280
2.678834915161133,0.0002787567438159387,8.871633754169444,0.2617993877991417,0.10471975511965666,340,360,360,360,360,360,280
2.718545913696289,0.0003672372580280405,8.862768959756021,0.2617993877991417,0.13962634015954223,340,360,360,360,360,360,280
2.758816957473755,0.0003672372580280405,8.862768959756021,0.2617993877991417,0.13962634015954223,340,360,360,360,360,360,280
2.809865951538086,0.0006398095630458181,8.845539553740164,0.2617993877991417,0.13962634015954223,340,360,360,360,360,360,280
2.868530035018921,0.0010741842212153132,8.828014527861418,0.2617993877991417,0.13962634015954223,340,360,360,360,360,360,280
2.920912027359009,0.0016588874191161877,8.810481794639173,0.2617993877991417,0.13962634015954223,340,360,360,360,360,360,280
2.975579023361206,0.0020105551300598646,8.80189612399635,0.2617993877991417,0.157079632679485,340,360,360,360,360,360,280
3.022678852081299,0.002402755283315755,8.793317410687798,0.2617993877991417,0.17453292519942779,340,360,360,360,360,360,280
3.0628790855407715,0.003320700570077485,8.775957946489964,0.2617993877991417,0.17453292519942779,340,360,360,360,360,360,280
3.099169969558716,0.00384677041478757,8.767402937455735,0.2617993877991417,0.19198621771937055,340,360,360,360,360,360,300
3.144881010055542,0.004441812989365142,8.758579337097194,0.2617993877991417,0.19198621771937055,340,360,360,360,360,360,360
3.188054084777832,0.005072469878396872,8.750011202585505,0.2617993877991417,0.19198621771937055,340,360,360,360,360,360,360
3.228996992111206,0.0057584811147078875,8.741436562709891,0.2617993877991417,0.19198621771937055,360,360,360,360,360,360,360
3.2710189819335938,0.006522791888522915,8.732598654468896,0.2617993877991417,0.19198621771937055,360,360,360,360,360,360,360
3.306267023086548,0.008168299122375731,8.715483444466937,0.2617993877991417,0.19198621771937055,360,360,360,360,360,360,360
3.3433289527893066,0.01004395013876909,8.6981573021434,0.2617993877991417,0.19198621771937055,360,360,360,360,360,360,360
3.389246940612793,0.011049320397404196,8.689620130994903,0.2617993877991417,0.20943951023931331,360,340,360,360,360,360,360
3.4307758808135986,0.012144683756307532,8.680814765610965,0.2617993877991417,0.20943951023931331,360,340,360,360,360,360,360
3.472748041152954,0.013258570027493428,8.672330617665263,0.2617993877991417,0.20943951023931331,360,340,360,360,360,360,360
3.50940203666687,0.013258570027493428,8.672330617665263,0.2617993877991417,0.20943951023931331,360,340,360,360,360,360,360
3.545320987701416,0.015701482046836586,8.65510954730208,0.2617993877991417,0.19198621771937055,360,340,360,360,360,360,360
3.582655906677246,0.018356113758180855,8.638145674790712,0.2617993877991417,0.19198621771937055,360,340,360,360,360,360,360
3.621837854385376,0.019818337964933198,8.629401490629368,0.2617993877991417,0.17453292519942779,360,340,360,360,360,360,360
3.6594109535217285,0.021295978183922804,8.620912293902292,0.2617993877991417,0.157079632679485,360,340,360,360,360,360,360
3.703187942504883,0.022813255802727098,8.612469485576533,0.2617993877991417,0.10471975511965666,360,340,360,360,360,360,360
3.7431249618530273,0.022813255802727098,8.612469485576533,0.2617993877991417,0.05235987755982833,360,340,360,360,360,360,360
3.784471035003662,0.02602804968498725,8.59529274821615,0.2617993877991417,0.01745329251994278,360,360,360,360,360,360,360
3.831552028656006,0.029347489694148285,8.578077910518225,0.2617993877991417,0.0,360,360,360,360,360,360,360
3.8700919151306152,0.03098382355043055,8.569643673787038,0.2617993877991417,0.0,360,360,360,360,360,360,360
3.909954071044922,0.032626469824266924,8.561191125184381,0.2617993877991417,0.0,360,360,360,360,360,360,360
3.9454970359802246,0.03432397318194057,8.55246393976109,0.2617993877991417,0.0,360,360,360,360,360,360,360
3.9912049770355225,0.037626776785571844,8.535505524836072,0.2617993877991417,0.0,360,360,360,360,360,360,360
4.0449090003967285,0.0409834630886248,8.518313950831402,0.2617993877991417,-0.01745329251994278,360,360,360,360,360,360,360
4.0877790451049805,0.04263366221339052,8.509837968335098,0.2617993877991417,-0.01745329251994278,360,360,360,360,360,360,360
4.1341328620910645,0.044326014744888176,8.501096904941312,0.2617993877991417,-0.01745329251994278,360,360,360,360,360,360,360
4.180201053619385,0.04596367883285487,8.49260227801999,0.2617993877991417,-0.03490658503988556,360,360,360,360,360,360,360
4.224223852157593,0.049269162459602646,8.475352206342258,0.2617993877991417,-0.05235987755982833,360,360,360,360,360,360,360
4.2656800746917725,0.05087383932614954,8.466911770301074,0.2617993877991417,-0.06981317007977111,360,360,360,360,360,360,360
4.318925857543945,0.054100458152462616,8.449686205987607,0.2617993877991417,-0.08726646259971389,360,360,360,360,360,360,360
4.3667519092559814,0.05566587965280879,8.441166682018807,0.2617993877991417,-0.10471975511965666,360,360,360,360,360,360,360
4.4207189083099365,0.05877045827329353,8.423838632014345,0.2617993877991417,-0.12217304763959944,360,340,360,360,360,360,360
4.473883867263794,0.06169591354324282,8.406760118505991,0.2617993877991417,-0.13962634015954223,360,340,360,360,360,360,360
4.524738073348999,0.06314656225263592,8.397936272808547,0.2617993877991417,-0.13962634015954223,360,340,360,360,360,360,360
4.574558973312378,0.0645130319730781,8.389361065064943,0.2617993877991417,-0.13962634015954223,360,340,360,360,360,360,360
4.626473903656006,0.0671586389334181,8.371982687992386,0.2617993877991417,-0.13962634015954223,360,340,360,360,360,360,360
4.663063049316406,0.06840223750986774,8.363429685356696,0.2617993877991417,-0.13962634015954223,360,340,360,360,360,360,360
4.7021589279174805,0.06960776718742559,8.354858673977741,0.2617993877991417,-0.13962634015954223,360,340,360,360,360,360,360
4.743143081665039,0.07081530641216807,8.346006022600282,0.2617993877991417,-0.10471975511965666,360,340,360,360,360,360,360
4.780061960220337,0.07195001898324259,8.33739767538256,0.2617993877991417,-0.08726646259971389,360,340,360,360,360,360,360
4.8215858936309814,0.07415364372047502,8.319908775210317,0.2617993877991417,-0.06981317007977111,360,340,360,360,360,360,360
4.85689902305603,0.07519624304326356,8.31131217439508,0.2617993877991417,-0.01745329251994278,360,340,360,360,360,360,360
4.9021830558776855,0.07620048813815478,8.302880598419662,0.2617993877991417,0.0,360,340,360,360,360,360,360
4.942513942718506,0.07724830110421274,8.294082454225428,0.2617993877991417,0.0,360,360,360,360,360,360,360
4.981668949127197,0.07826649418150239,8.285507842392244,0.2617993877991417,0.0,360,360,360,360,360,360,360
5.020838022232056,0.08033193626239608,8.268163400161711,0.2617993877991417,0.0,360,360,360,360,360,360,360
5.057389974594116,0.0813531363528106,8.259602583333084,0.2617993877991417,0.0,360,360,360,360,360,360,360
5.097900867462158,0.08237447878030414,8.251038744570842,0.2617993877991417,0.0,360,360,360,360,360,360,360
5.137444019317627,0.08342963082093963,8.242204331840394,0.2617993877991417,0.0,360,360,360,360,360,360,360
5.179640054702759,0.08445614853819479,8.233617959199247,0.2617993877991417,0.0,360,360,360,360,360,360,360
5.223334074020386,0.08654339900205675,8.216170486775471,0.2617993877991417,0.0,360,360,360,360,360,360,360
5.279604911804199,0.08860172306623677,8.199006832389275,0.2617993877991417,-0.01745329251994278,360,360,360,360,360,360,360
5.3190789222717285,0.08965551339931727,8.190161544548214,0.2617993877991417,-0.01745329251994278,360,360,360,360,360,360,360
5.35254693031311,0.08965551339931727,8.190161544548214,0.2617993877991417,-0.01745329251994278,360,360,360,360,360,360,360
5.389431953430176,0.09066894526319993,8.181582477978182,0.2617993877991417,-0.01745329251994278,360,360,360,360,360,360,360
5.424993991851807,0.0916778034364166,8.173026799305656,0.2617993877991417,-0.01745329251994278,360,360,360,360,360,360,360
5.465044021606445,0.09371289746480164,8.15566532278801,0.2617993877991417,-0.01745329251994278,360,360,360,360,360,360,360
5.506845951080322,0.09573728304758515,8.138248169606214,0.2617993877991417,-0.01745329251994278,360,360,360,360,360,360,360
5.544257879257202,0.09573728304758515,8.138248169606214,0.2617993877991417,-0.01745329251994278,360,360,360,360,360,360,360
5.5830628871917725,0.09673049698259258,8.129652216903697,0.2617993877991417,-0.01745329251994278,360,360,360,360,360,360,360
5.621819972991943,0.09772074563454358,8.121049078678091,0.2617993877991417,-0.01745329251994278,360,360,360,360,360,360,360
5.660337924957275,0.0997184060197905,8.103583261926339,0.2617993877991417,-0.01745329251994278,360,360,360,360,360,360,360
5.703166961669922,0.10069204472539327,8.09499647487466,0.2617993877991417,-0.01745329251994278,360,360,360,360,360,360,360
5.747343063354492,0.10168725145151905,8.086145813567327,0.2617993877991417,-0.01745329251994278,360,360,360,360,360,360,360
5.78667688369751,0.10264366902269445,8.077564223012764,0.2617993877991417,-0.01745329251994278,360,360,360,360,360,360,360
5.82809591293335,0.10359589381005861,8.069014857973592,0.2617993877991417,-0.01745329251994278,340,360,360,360,360,360,360
5.877475023269653,0.10551890308469856,8.051632447619841,0.2617993877991417,-0.01745329251994278,340,360,360,360,360,360,360
5.917514085769653,0.10742988155604864,8.034199370158944,0.2617993877991417,-0.01745329251994278,340,360,360,360,360,360,360
5.958105087280273,0.10836707162181117,8.025595798506227,0.2617993877991417,-0.01745329251994278,340,360,360,360,360,360,360
5.997164964675903,0.10930117592271675,8.016985154580663,0.2617993877991417,-0.01745329251994278,340,360,360,360,360,360,360
6.041358947753906,0.11025773278562237,8.008112297446598,0.2617993877991417,-0.01745329251994278,340,360,360,360,360,360,360
6.084449052810669,0.11210150708996838,7.9909095745329335,0.2617993877991417,-0.01745329251994278,340,360,360,360,360,360,360
6.129353046417236,0.11303828322854248,7.982053779808109,0.2617993877991417,-0.01745329251994278,340,360,360,360,360,360,360
6.1737120151519775,0.11393875005302946,7.973470997712114,0.2617993877991417,-0.01745329251994278,340,360,360,360,360,360,360
6.2082600593566895,0.11483381666343691,7.96492676600425,0.2617993877991417,-0.01745329251994278,340,360,360,360,360,360,360
6.261293888092041,0.11575543731136466,7.956098630391432,0.2617993877991417,-0.01745329251994278,340,360,360,360,360,360,360
6.296341896057129,0.11664461962249381,7.947522720194774,0.2617993877991417,-0.01745329251994278,340,360,360,360,360,360,360
6.332885980606079,0.1184420376181892,7.930074600097452,0.2617993877991417,-0.01745329251994278,340,360,360,360,360,360,360
6.368972063064575,0.11932310796374877,7.921463837443372,0.2617993877991417,-0.01745329251994278,340,360,360,360,360,360,360
6.412698030471802,0.12020095979612919,7.912846098507439,0.2617993877991417,-0.01745329251994278,340,360,360,360,360,360,360
6.455461025238037,0.12109929941772554,7.903965655601308,0.2617993877991417,-0.01745329251994278,340,360,360,360,360,360,360
6.493694067001343,0.12196926913072181,7.895349703358257,0.2617993877991417,-0.01745329251994278,340,360,360,360,360,360,360
6.538519859313965,0.12370809294547468,7.877888031892039,0.2617993877991417,-0.01745329251994278,340,360,360,360,360,360,360
6.575291872024536,0.125391316368616,7.860762261165319,0.2617993877991417,-0.01745329251994278,340,360,360,360,360,360,360
6.615212917327881,0.12625539890447052,7.851924002248318,0.2617993877991417,-0.01745329251994278,340,360,360,360,360,360,360
6.653740882873535,0.12625539890447052,7.851924002248318,0.2617993877991417,-0.01745329251994278,340,360,360,360,360,360,360
6.691310882568359,0.12708896364130584,7.843341114669086,0.2617993877991417,-0.01745329251994278,340,360,360,360,360,360,360
6.7270119190216064,0.12791979270820988,7.834746411333707,0.2617993877991417,-0.01745329251994278,340,360,360,360,360,360,360
6.77280592918396,0.1295976094236297,7.817260760731834,0.2617993877991417,-0.01745329251994278,340,360,360,360,360,360,360
6.827969074249268,0.1312591605707108,7.799748438665081,0.2617993877991417,-0.01745329251994278,340,360,360,360,360,360,360
6.874229907989502,0.13207247908517702,7.791125452880715,0.2617993877991417,-0.01745329251994278,340,360,360,360,360,360,360
6.925075054168701,0.13287682283572247,7.782516883222806,0.2617993877991417,-0.01745329251994278,340,360,360,360,360,360,360
6.971932888031006,0.1344858361180459,7.7650772942326505,0.2617993877991417,-0.01745329251994278,340,360,360,360,360,360,360
7.011971950531006,0.1360742215015891,7.74768109408503,0.2617993877991417,-0.01745329251994278,340,360,360,360,360,360,360
7.052779912948608,0.1368521025089709,7.739091863089505,0.2617993877991417,-0.01745329251994278,340,360,360,360,360,360,360
7.094528913497925,0.13762704673880916,7.730490232599092,0.2617993877991417,-0.06981317007977111,340,360,360,360,360,360,360
7.135952949523926,0.13842021562064805,7.721612099443682,0.2617993877991417,-0.10471975511965666,340,360,360,360,360,360,360
7.177221059799194,0.13842021562064805,7.721612099443682,0.2617993877991417,-0.12217304763959944,340,360,360,360,360,360,360
7.220740079879761,0.13991520755997436,7.704314054046833,0.2617993877991417,-0.13962634015954223,340,360,360,360,360,360,360
7.257483959197998,0.1413125780288285,7.686688732368043,0.2617993877991417,-0.13962634015954223,340,360,360,360,360,360,360
7.2950119972229,0.1419379395123305,7.678023197136573,0.2617993877991417,-0.13962634015954223,340,360,360,360,360,360,360
7.3334338665008545,0.14253318644251733,7.66912536166688,0.2617993877991417,-0.13962634015954223,340,360,360,360,360,360,360
7.374724864959717,0.14307487433486155,7.660523547223038,0.2617993877991417,-0.13962634015954223,360,360,360,360,340,360,360
7.421872854232788,0.14405423675701695,7.64300844782103,0.2617993877991417,-0.13962634015954223,360,360,360,360,340,360,360
7.459228038787842,0.14447993650110647,7.634360557850037,0.2617993877991417,-0.13962634015954223,360,360,360,360,340,360,360
7.499140977859497,0.1448673360613476,7.625698744491703,0.2617993877991417,-0.13962634015954223,360,360,360,360,340,360,360
7.539417028427124,0.14522594460820062,7.616759709638756,0.2617993877991417,-0.13962634015954223,360,360,360,360,340,360,360
7.5779478549957275,0.14553435881702512,7.608069593856021,0.2617993877991417,-0.13962634015954223,360,360,360,360,340,360,360
7.619633913040161,0.14603831755980093,7.5903921168721515,0.2617993877991417,-0.12217304763959944,360,360,360,360,340,360,360
7.659575939178467,0.1462236371256526,7.581684289868318,0.2617993877991417,-0.05235987755982833,360,360,360,360,340,360,360
7.698298931121826,0.14636701984543524,7.573014466859191,0.2617993877991417,-0.03490658503988556,360,360,400,360,340,360,360
7.743710041046143,0.14649696301771326,7.564090237187421,0.2617993877991417,-0.03490658503988556,360,360,360,360,340,360,360
7.792826890945435,0.146597813361337,7.555484137850839,0.2617993877991417,-0.01745329251994278,360,360,360,360,340,360,360
7.836915016174316,0.14677516161107326,7.537991133966257,0.2617993877991417,-0.01745329251994278,360,360,360,360,340,360,360
7.880400896072388,0.14693127826801225,7.520722160284746,0.2617993877991417,-0.01745329251994278,360,360,360,360,340,360,360
7.927447080612183,0.1470048856701695,7.5118091718408,0.2617993877991417,-0.01745329251994278,360,360,360,360,340,360,360
7.967414855957031,0.1470712671552509,7.5031467847887905,0.2617993877991417,-0.01745329251994278,360,360,360,360,340,360,360
8.008013010025024,0.14713220092656637,7.4944735939623115,0.2617993877991417,-0.01745329251994278,360,360,360,360,340,360,360
8.049684047698975,0.14723666237477626,7.476857371562747,0.2617993877991417,-0.01745329251994278,360,360,360,360,340,360,360
8.090385913848877,0.14723666237477626,7.476857371562747,0.2617993877991417,-0.01745329251994278,360,360,360,360,340,360,360
8.13390588760376,0.14732581874386605,7.459343041385349,0.2617993877991417,-0.01745329251994278,360,360,360,360,340,360,360
8.181177854537964,0.1473643881495102,7.450733766705657,0.2617993877991417,-0.01745329251994278,360,360,360,360,340,360,360
8.224637031555176,0.14739758242914883,7.442122797306535,0.2617993877991417,-0.01745329251994278,360,360,360,360,340,360,360
8.260771036148071,0.14742748173784237,7.433240926336685,0.2617993877991417,-0.01745329251994278,360,360,360,360,340,360,360
8.296732902526855,0.14747252473056413,7.4159687602329125,0.2617993877991417,-0.01745329251994278,360,360,360,360,340,360,360
8.336355924606323,0.14748867969553683,7.407054240785953,0.2617993877991417,-0.01745329251994278,360,360,360,360,340,360,360
8.373497009277344,0.1474988245269538,7.398390180975105,0.2617993877991417,-0.01745329251994278,360,360,360,360,340,360,360
8.419323921203613,0.14750355817838137,7.389715369064523,0.2617993877991417,-0.01745329251994278,360,360,360,360,340,360,360
8.472250938415527,0.14749304908688052,7.3721004567726816,0.2617993877991417,-0.01745329251994278,360,360,360,360,340,360,360
8.521997928619385,0.1474697266689173,7.35459505781923,0.2617993877991417,-0.01745329251994278,360,360,360,360,340,360,360
8.572759866714478,0.14743158919677654,7.3373710314779,0.2617993877991417,-0.01745329251994278,360,360,360,360,340,360,360
8.610373973846436,0.14743158919677654,7.3373710314779,0.2617993877991417,-0.01745329251994278,360,360,360,360,340,360,360
8.645607948303223,0.1474043148811275,7.328487482731722,0.2617993877991417,-0.01745329251994278,360,360,360,360,360,360,360
8.688123941421509,0.1473734838904639,7.319855344124461,0.2617993877991417,-0.01745329251994278,360,360,360,360,360,360,360
8.729424953460693,0.14733832290641322,7.311212598622146,0.2617993877991417,-0.01745329251994278,360,360,360,360,360,360,360
8.771347999572754,0.14725122797158463,7.293631022520877,0.2617993877991417,-0.01745329251994278,360,360,360,360,360,360,360
8.814295053482056,0.14714125989382865,7.27601215255214,0.2617993877991417,-0.01745329251994278,360,360,360,360,360,360,360
8.853952884674072,0.14707475630490982,7.267342934139794,0.2617993877991417,-0.01745329251994278,360,360,360,360,360,360,360
8.890460014343262,0.14707475630490982,7.267342934139794,0.2617993877991417,-0.01745329251994278,360,360,360,360,360,360,360
8.925433874130249,0.14700537667257296,7.258695848128639,0.2617993877991417,-0.01745329251994278,360,360,360,360,360,360,360
8.967020988464355,0.1469408008709813,7.249837062148934,0.2617993877991417,-0.01745329251994278,360,360,360,360,360,360,360
9.005239963531494,0.14679081732743912,7.232614814186804,0.2617993877991417,-0.01745329251994278,360,360,360,360,360,360,360
9.042768001556396,0.14661896757940526,7.215097338841866,0.2617993877991417,-0.01745329251994278,360,360,360,360,360,360,360
9.08413290977478,0.14652811189051107,7.2064537486721685,0.2617993877991417,-0.01745329251994278,360,360,360,360,360,360,360
9.12397289276123,0.14652811189051107,7.2064537486721685,0.2617993877991417,-0.01745329251994278,360,360,360,360,360,360,360
9.163506031036377,0.14642945285999667,7.19753721116555,0.2617993877991417,-0.01745329251994278,360,360,360,360,360,360,360
9.203623056411743,0.14632660176322146,7.188871875902248,0.2617993877991417,-0.01745329251994278,360,360,360,360,360,360,360
9.245085954666138,0.1461000752772848,7.1712558365124135,0.2617993877991417,-0.01745329251994278,360,360,360,360,360,360,360
9.302474021911621,0.1458510651472814,7.153955305634867,0.2617993877991417,-0.01745329251994278,360,360,360,360,360,360,360
9.349828004837036,0.14572186262892345,7.145093927266462,0.2617993877991417,-0.01745329251994278,360,360,360,360,360,360,360
9.392919063568115,0.14558696018276418,7.136486387102031,0.2617993877991417,-0.01745329251994278,360,360,360,360,360,360,360
9.432071924209595,0.14529749417158044,7.118987912773914,0.2617993877991417,-0.01745329251994278,360,360,360,360,360,360,360
9.479572057723999,0.14499392580925463,7.1017107466258205,0.2617993877991417,-0.01745329251994278,360,360,360,360,360,360,360
9.534419059753418,0.1448290728430989,7.092793569673917,0.2617993877991417,-0.01745329251994278,360,360,360,360,360,360,360
9.57525086402893,0.14466297745276518,7.084127591921763,0.2617993877991417,-0.01745329251994278,360,360,360,360,360,360,360
9.611923933029175,0.14430776676040213,7.066513625295772,0.2617993877991417,-0.01745329251994278,360,360,360,360,360,360,360
9.652870893478394,0.14412139037748448,7.057851812020784,0.2617993877991417,-0.01745329251994278,360,360,360,360,360,360,360
9.690420866012573,0.14393575560088656,7.049223366078649,0.2617993877991417,-0.01745329251994278,360,360,360,360,360,360,360
9.729265928268433,0.1437409240306555,7.040365536723709,0.2617993877991417,-0.01745329251994278,360,360,360,360,360,360,360
9.78032398223877,0.14354401493578486,7.031759180721072,0.2617993877991417,-0.01745329251994278,360,360,360,360,360,360,360
9.820781946182251,0.14334145951006558,7.023146147910257,0.2617993877991417,-0.01745329251994278,360,360,360,360,360,360,360
9.863213062286377,0.1429154603799608,7.0056278821521145,0.2617993877991417,-0.01745329251994278,360,360,360,360,360,360,360
9.90415096282959,0.14269854316356617,6.996984198767143,0.2617993877991417,-0.01745329251994278,360,360,360,360,360,360,360
9.951788902282715,0.14223915969366266,6.979401072396444,0.2617993877991417,-0.01745329251994278,360,360,360,360,360,360,360
9.996994018554688,0.14200380524688697,6.97072650935105,0.2617993877991417,-0.01745329251994278,360,360,360,360,360,360,360
10.039505004882812,0.14200380524688697,6.97072650935105,0.2617993877991417,-0.01745329251994278,360,360,340,360,360,360,360
10.082813024520874,0.1415078849332542,6.953132325067704,0.2617993877991417,-0.01745329251994278,360,360,340,360,360,360,360
10.12441086769104,0.14100109331876476,6.935654927365375,0.2617993877991417,-0.01745329251994278,360,360,340,340,360,360,360
10.170274019241333,0.14074212877025102,6.92704951896704,0.2617993877991417,-0.01745329251994278,360,360,340,340,360,360,360
10.213346004486084,0.14047730813727782,6.918437071668977,0.2617993877991417,-0.01745329251994278,360,360,340,340,360,360,360
10.258184909820557,0.13992452212832032,6.9009197368638455,0.2617993877991417,-0.01745329251994278,360,360,340,340,360,360,360
10.316011905670166,0.13934985555252782,6.883359703899773,0.2617993877991417,-0.01745329251994278,360,360,340,340,360,360,360
10.370607852935791,0.13905736041792488,6.874694375633807,0.2617993877991417,-0.01745329251994278,360,360,340,340,360,360,360
10.411916971206665,0.13875876999886236,6.866021950585333,0.2617993877991417,-0.01745329251994278,360,360,340,340,360,360,360
10.455801963806152,0.13844477526741808,6.857090647999016,0.2617993877991417,-0.01745329251994278,360,360,340,340,360,360,360
10.497222900390625,0.1378301925915259,6.839824928622162,0.2617993877991417,-0.01745329251994278,360,360,340,340,360,360,360
10.539119005203247,0.13718426297386474,6.822366920990838,0.2617993877991417,-0.01745329251994278,360,360,340,340,360,360,360
10.584702968597412,0.13685709922785536,6.8137561414520365,0.2617993877991417,-0.01745329251994278,360,420,340,340,360,360,360
10.627615928649902,0.13651469274377004,6.804873037560087,0.2617993877991417,-0.01745329251994278,360,420,340,340,360,360,360
10.67132306098938,0.13617735361339106,6.796240970993866,0.2617993877991417,-0.01745329251994278,360,420,340,340,360,360,360
10.709125995635986,0.13617735361339106,6.796240970993866,0.2617993877991417,-0.01745329251994278,360,400,340,340,360,360,360
10.74751091003418,0.13547481945044365,6.778682773758705,0.2617993877991417,-0.01745329251994278,360,400,340,340,360,360,360
10.789973020553589,0.13475742252505554,6.761349261448223,0.2617993877991417,-0.01745329251994278,360,400,340,340,360,360,360
10.841804027557373,0.13437855055031114,6.752422283453523,0.2617993877991417,-0.01745329251994278,360,400,340,340,360,360,360
10.885467052459717,0.1340076305911593,6.743774607885291,0.2617993877991417,-0.01745329251994278,360,380,340,340,360,360,360
10.92675495147705,0.13325289140666727,6.726322061836995,0.2617993877991417,-0.01745329251994278,360,380,340,340,360,360,360
10.96639895439148,0.13287015556990464,6.717720090971785,0.2617993877991417,-0.01745329251994278,360,380,340,340,360,360,360
11.003774881362915,0.13248087672448486,6.709111413395366,0.2617993877991417,-0.01745329251994278,360,340,340,340,360,360,360
11.045974969863892,0.13207405471021325,6.700230088563422,0.2617993877991417,-0.01745329251994278,360,340,340,340,360,360,360
11.084835052490234,0.13167399201547866,6.691599456147285,0.2617993877991417,-0.01745329251994278,360,340,340,340,360,360,360
11.12454605102539,0.13084340883491083,6.674044092908616,0.2617993877991417,-0.01745329251994278,360,340,340,340,360,360,360
11.16985297203064,0.13042444946306078,6.665382001410585,0.2617993877991417,-0.01745329251994278,360,340,340,340,360,360,360
11.209989070892334,0.12999956248280262,6.6567163495682395,0.2617993877991417,-0.01745329251994278,360,340,340,340,360,360,360
11.251252889633179,0.12955777490827772,6.647795326156904,0.2617993877991417,-0.01745329251994278,360,340,340,340,360,360,360
11.296855926513672,0.12912455715650686,6.639158365428808,0.2617993877991417,-0.01745329251994278,360,340,340,340,360,360,360
11.340122938156128,0.12824435500232553,6.621715775572678,0.2617993877991417,-0.01745329251994278,360,340,340,340,360,360,360
11.380810022354126,0.12734801818765262,6.604509223391097,0.2617993877991417,-0.01745329251994278,360,340,340,340,360,360,360
11.434885025024414,0.12687683201068747,6.59562991352403,0.2617993877991417,-0.01745329251994278,360,340,340,340,360,360,360
11.471576929092407,0.12641411979410946,6.587001145103297,0.2617993877991417,-0.01745329251994278,360,340,340,340,360,360,360
11.513222932815552,0.1259455552467184,6.578361672202288,0.2617993877991417,-0.01745329251994278,360,340,340,340,360,360,360
11.562228918075562,0.12497334292833562,6.560790299489816,0.2617993877991417,-0.01745329251994278,360,340,340,340,360,360,360
11.611154079437256,0.12398116614372252,6.543215071043616,0.2617993877991417,-0.01745329251994278,360,340,340,340,360,360,360
11.648864984512329,0.12348583661665344,6.534589170200431,0.2617993877991417,-0.01745329251994278,360,340,340,340,360,360,360
11.716922998428345,0.12299498937724786,6.52599767199519,0.2617993877991417,0.0,360,340,340,340,360,360,360
11.766167879104614,0.1224785178776109,6.517158319383329,0.2617993877991417,-0.01745329251994278,360,340,340,340,360,360,360
11.805481910705566,0.1214677064525424,6.499961294166061,0.2617993877991417,-0.2967059728390272,360,340,340,340,360,360,360
11.86000108718872,0.12040804676114492,6.482439055649191,0.2617993877991417,-0.36651914291879834,360,340,340,340,360,360,360
11.907803058624268,0.11978883631348099,6.473717921295664,0.2617993877991417,-0.3839724354387411,360,340,340,340,360,360,360
11.949991941452026,0.11904091179870774,6.4647186424421275,0.2617993877991417,-0.01745329251994278,360,340,340,340,360,360,360
11.989630937576294,0.11820479116696705,6.455986743161926,0.2617993877991417,-0.01745329251994278,360,340,340,340,360,360,360
12.047543048858643,0.11618835324159946,6.4378540591272575,0.2617993877991417,-0.01745329251994278,360,340,340,340,360,360,360
12.08886194229126,0.11408745471280994,6.42034186120333,0.2617993877991417,0.0,400,340,340,360,360,360,360
12.13186502456665,0.11302438701616557,6.411570374413133,0.2617993877991417,0.0,380,340,340,360,360,360,360
12.176501989364624,0.11198709555745376,6.4030681012698025,0.2617993877991417,0.0,380,340,340,360,360,360,360
12.223954916000366,0.11094031637920507,6.394510054228901,0.2617993877991417,0.0,340,340,340,360,360,360,360
12.26505994796753,0.10880669518693839,6.3771084384570536,0.2617993877991417,0.0,340,340,340,360,360,360,360
12.310046911239624,0.10666326399281655,6.359666774239148,0.2617993877991417,0.0,340,340,340,360,360,360,360
12.35650086402893,0.10560534523578728,6.351072709750056,0.2617993877991417,0.0,340,340,340,360,360,360,360
12.39630389213562,0.10455256970606185,6.342484830365173,0.2617993877991417,0.0,340,340,340,360,360,360,360
12.444392919540405,0.10346793613346084,6.333656964601653,0.2617993877991417,0.0,340,340,360,360,360,360,360
12.490614891052246,0.1013708601492002,6.3165287006316175,0.2617993877991417,0.0,340,340,360,360,360,360,360
12.535814046859741,0.10029789241791955,6.307754390984069,0.2617993877991417,0.0,340,340,360,360,360,360,360
12.58130693435669,0.09925061653787605,6.29921466325019,0.2617993877991417,0.0,340,340,360,360,360,360,360
12.619770050048828,0.09819963002909249,6.290658643863608,0.2617993877991417,0.01745329251994278,340,340,360,360,360,360,360
12.658776044845581,0.09711340468075597,6.281832754265812,0.2617993877991417,0.01745329251994278,340,340,360,360,360,360,360
12.698961973190308,0.09605860908402894,6.273258052769123,0.2617993877991417,0.01745329251994278,340,340,360,360,360,360,360
12.735657930374146,0.09392439121856988,6.255818812818925,0.2617993877991417,0.01745329251994278,340,340,360,360,360,360,360
12.776676893234253,0.09184272757850195,6.23863823541506,0.2617993877991417,0.03490658503988556,340,340,360,360,360,360,360
12.8316650390625,0.09078289101029721,6.229805914370299,0.2617993877991417,0.05235987755982833,340,340,360,360,360,360,360
12.872593879699707,0.08976698217940393,6.22124234437838,0.2617993877991417,0.05235987755982833,340,340,360,360,360,360,360
12.916800022125244,0.0887731286246884,6.212696391795703,0.2617993877991417,0.06981317007977111,340,340,360,360,360,360,360
12.961719989776611,0.08679731919330885,6.195398782718726,0.2617993877991417,0.06981317007977111,340,340,360,360,360,360,360
13.001424074172974,0.08584564311151749,6.186846632307136,0.2617993877991417,0.06981317007977111,340,340,360,360,360,360,360
13.049125909805298,0.08396314380557783,6.1694436218431665,0.2617993877991417,0.06981317007977111,340,340,360,340,360,360,360
13.086130857467651,0.08396314380557783,6.1694436218431665,0.2617993877991417,0.06981317007977111,340,340,340,340,360,360,360
13.127990961074829,0.08306037591196759,6.160850920953166,0.2617993877991417,0.06981317007977111,340,340,340,340,360,360,360
13.16525387763977,0.08214813532703175,6.151985467792997,0.2617993877991417,0.06981317007977111,340,340,340,340,360,360,360
13.204562902450562,0.0804427831664213,6.134764905038599,0.2617993877991417,0.05235987755982833,340,340,340,340,360,360,360
13.247483968734741,0.07879711309640278,6.117337185538165,0.2617993877991417,0.05235987755982833,380,340,340,340,360,360,360
13.291018962860107,0.0780189392229097,6.108779541402276,0.2617993877991417,0.05235987755982833,380,340,340,340,360,360,360
13.330241918563843,0.07723092595983384,6.099972217988106,0.2617993877991417,0.05235987755982833,380,340,340,340,360,360,360
13.367614030838013,0.07647796242840539,6.09140334738666,0.2617993877991417,0.05235987755982833,400,340,340,340,360,360,360
13.405741930007935,0.07647796242840539,6.09140334738666,0.2617993877991417,0.05235987755982833,400,340,340,340,360,360,360
13.44539189338684,0.07498595386498919,6.073973438543005,0.2617993877991417,0.05235987755982833,400,340,340,340,360,360,360
13.490370988845825,0.07356471797295301,6.056751349711686,0.2617993877991417,0.05235987755982833,400,340,340,340,360,360,360
13.536400079727173,0.07285210830167806,6.047861556141135,0.2617993877991417,0.05235987755982833,400,340,340,340,360,360,360
13.589575052261353,0.07217482876974125,6.039226207030454,0.2617993877991417,0.05235987755982833,420,340,340,340,360,360,360
13.627935886383057,0.07151600412064987,6.030594327156233,0.2617993877991417,0.05235987755982833,420,340,340,320,360,360,360
13.677852869033813,0.07023392841975395,6.013133363649919,0.2617993877991417,0.05235987755982833,420,340,340,320,360,360,360
13.714905977249146,0.06901878523201074,5.995748883667898,0.2617993877991417,0.08726646259971389,420,340,340,320,360,360,360
13.753350973129272,0.06844455060596702,5.98717994453188,0.2617993877991417,0.08726646259971389,360,340,340,320,360,360,360
13.801372051239014,0.0678927875555184,5.978595403314689,0.2617993877991417,0.08726646259971389,360,340,340,320,360,360,360
13.843399047851562,0.06734853235262597,5.9697364408325635,0.2617993877991417,0.06981317007977111,360,340,340,320,360,360,360
13.887294054031372,0.0663612010174046,5.952500135987707,0.2617993877991417,0.03490658503988556,360,340,340,320,360,360,360
13.93078088760376,0.06588172519326572,5.943593141039496,0.2617993877991417,0.03490658503988556,360,340,340,320,360,360,360
13.983205080032349,0.06498476815297845,5.9262872201390815,0.2617993877991417,0.03490658503988556,360,340,340,320,360,360,360
14.022520065307617,0.06498476815297845,5.9262872201390815,0.2617993877991417,0.03490658503988556,360,340,340,320,360,360,360
14.067518949508667,0.06454084348897189,5.917390323350043,0.2617993877991417,0.03490658503988556,360,340,340,320,360,360,360
14.112433910369873,0.06413104907250879,5.908799388511639,0.2617993877991417,0.03490658503988556,360,340,340,320,360,360,360
14.156636953353882,0.06331688485396668,5.891371933033907,0.2617993877991417,0.01745329251994278,360,340,340,320,360,360,360
14.20918607711792,0.06254804896623159,5.87416027327911,0.2617993877991417,0.03490658503988556,360,340,340,320,360,360,360
14.25316596031189,0.06215929582345211,5.865273056293015,0.2617993877991417,0.03490658503988556,360,340,340,320,360,360,360
14.29634404182434,0.06178758450446059,5.856639113614637,0.2617993877991417,0.03490658503988556,360,340,340,320,360,360,360
14.338294982910156,0.061423531426643446,5.847994144184554,0.2617993877991417,0.05235987755982833,360,340,360,320,360,360,360
14.37666392326355,0.06071138034531111,5.830414504788748,0.2617993877991417,0.05235987755982833,360,340,360,320,360,360,360
14.416281938552856,0.0600488131291279,5.812858315459564,0.2617993877991417,0.05235987755982833,360,340,360,320,360,360,360
14.454874038696289,0.05975439731730355,5.804277151554105,0.2617993877991417,0.05235987755982833,360,340,360,320,360,360,360
14.5034818649292,0.059471331512563064,5.795691214298337,0.2617993877991417,0.05235987755982833,360,340,360,320,360,360,360
14.544213056564331,0.05919436839517509,5.786842345898261,0.2617993877991417,0.03490658503988556,360,340,400,320,360,360,360
14.58416485786438,0.05870107178355001,5.769631529287036,0.2617993877991417,0.03490658503988556,360,340,400,320,360,360,360
14.627518892288208,0.058466458960104,5.760741840518915,0.2617993877991417,0.01745329251994278,360,340,320,320,360,360,360
14.674449920654297,0.05824524736108715,5.7520991125947445,0.2617993877991417,0.01745329251994278,360,340,320,360,360,360,360
14.721994876861572,0.0580277525613694,5.743445583124096,0.2617993877991417,0.01745329251994278,360,340,320,320,360,360,360
14.76349687576294,0.05780810344610568,5.734520367036231,0.2617993877991417,0.01745329251994278,360,340,320,320,360,360,360
14.812071084976196,0.05718526738662566,5.708289534846761,0.2617993877991417,0.03490658503988556,360,340,320,320,360,360,360
14.8613920211792,0.0569999375766843,5.6997097168746915,0.2617993877991417,0.03490658503988556,360,340,320,320,360,360,360
14.904700994491577,0.05681867984999771,5.6911147843333385,0.2617993877991417,0.03490658503988556,360,340,320,320,360,360,360
14.943285942077637,0.056641576406597414,5.682257016639886,0.2617993877991417,0.05235987755982833,360,340,320,340,360,360,360
14.980534076690674,0.05647978950619416,5.673649148834478,0.2617993877991417,0.06981317007977111,360,340,320,340,360,360,360
15.01760196685791,0.05632988035165357,5.665034072270709,0.2617993877991417,0.08726646259971389,360,340,320,340,360,360,360
15.061637878417969,0.0560793980834078,5.647514953473511,0.2617993877991417,0.08726646259971389,360,340,320,340,360,360,360
15.10465693473816,0.05598692074741441,5.638873397068751,0.2617993877991417,0.08726646259971389,360,340,320,340,360,360,360
15.147353887557983,0.05591465147697255,5.629958977302265,0.2617993877991417,0.08726646259971389,360,340,320,340,360,360,360
15.19106388092041,0.05586637305766585,5.62129557260103,0.2617993877991417,0.08726646259971389,360,340,320,340,360,360,360
15.248125076293945,0.055881152838438766,5.5951597604521,0.2617993877991417,0.08726646259971389,360,340,320,340,360,360,360
15.29439091682434,0.055935097071633286,5.586583381620031,0.2617993877991417,0.08726646259971389,360,340,320,340,360,360,360
15.344120025634766,0.05601647514357678,5.577739439110326,0.2617993877991417,0.03490658503988556,360,340,320,340,360,360,360
15.384078979492188,0.056119149895502325,5.569141021963183,0.2617993877991417,0.01745329251994278,360,320,320,340,360,360,360
15.427835941314697,0.05623980319600763,5.560525535628795,0.2617993877991417,0.01745329251994278,360,320,320,340,360,360,360
15.478813886642456,0.05650970662870588,5.542982022300809,0.2617993877991417,0.01745329251994278,360,320,320,340,360,360,360
15.518181085586548,0.05680062444688913,5.525396731815298,0.2617993877991417,0.0,360,320,320,340,360,360,360
15.565111875534058,0.05694931772806862,5.516725944756146,0.2617993877991417,0.0,360,400,320,340,360,360,360
15.609298944473267,0.05709814224891458,5.508058296186055,0.2617993877991417,0.0,360,320,320,340,360,360,360
15.648273944854736,0.057250238114370064,5.499153459143391,0.2617993877991417,0.0,360,300,320,340,360,360,360
15.687222957611084,0.057553634466676044,5.48196278126967,0.2617993877991417,0.0,360,300,320,340,360,360,360
15.725542068481445,0.057553634466676044,5.48196278126967,0.2617993877991417,0.0,360,300,360,340,360,360,360
15.76685094833374,0.05785983254758702,5.464475570618821,0.2617993877991417,0.0,360,300,360,340,360,360,360
15.807460069656372,0.05801205759155513,5.455845922714943,0.2617993877991417,0.0,360,300,360,340,360,360,360
15.85615587234497,0.05816927657797363,5.446944244961673,0.2617993877991417,0.0,360,300,360,340,360,360,360
15.899446964263916,0.05847556197440296,5.429632772266591,0.2617993877991417,0.0,360,300,360,340,360,360,360
15.941812992095947,0.05878517914782043,5.4120300021944745,0.2617993877991417,0.0,360,300,340,340,360,360,360
15.979585886001587,0.05893708897507253,5.403363829861142,0.2617993877991417,0.0,400,300,340,340,360,360,360
16.020255088806152,0.05893708897507253,5.403363829861142,0.2617993877991417,0.0,400,300,340,340,360,360,360
16.067373037338257,0.0592481891429131,5.385882943568342,0.2617993877991417,0.0,400,300,340,340,360,360,360
16.126625061035156,0.059561248103733075,5.368406539478733,0.2617993877991417,0.0,300,300,340,340,360,360,360
16.168315887451172,0.05971611403294446,5.359787132523975,0.2617993877991417,0.0,300,300,340,340,360,360,360
16.20768404006958,0.05987168536910078,5.351156236952413,0.2617993877991417,0.0,300,300,340,340,360,360,360
16.25496792793274,0.06003237575635819,5.342253374997265,0.2617993877991417,0.0,300,300,340,340,360,360,360
16.295569896697998,0.06018872805813658,5.333601613920171,0.2617993877991417,-0.01745329251994278,300,360,340,340,360,360,360
16.339539051055908,0.0603453679012896,5.324939534222544,0.2617993877991417,-0.01745329251994278,300,360,340,340,360,360,360
16.385021924972534,0.06065936889460158,5.30733314964974,0.2617993877991417,-0.01745329251994278,300,360,340,340,360,360,360
16.428559064865112,0.060956619059277864,5.2897659659899965,0.2617993877991417,-0.01745329251994278,300,340,340,340,360,360,360
16.46252989768982,0.06109638773081988,5.281178164267663,0.2617993877991417,-0.01745329251994278,300,340,340,340,360,360,360
16.501986980438232,0.061231808699338225,5.272566507159841,0.2617993877991417,-0.01745329251994278,300,340,340,340,360,360,360
16.545964002609253,0.06149108370200595,5.255067471129637,0.2617993877991417,-0.01745329251994278,300,340,340,340,360,360,360
16.58469796180725,0.06149108370200595,5.255067471129637,0.2617993877991417,-0.01745329251994278,300,340,340,340,360,360,360
16.635961055755615,0.061733624295229585,5.237524504566599,0.2617993877991417,-0.01745329251994278,360,340,340,340,360,360,360
16.679808855056763,0.0618465508885649,5.228867244367352,0.2617993877991417,-0.01745329251994278,360,340,340,340,360,360,360
16.72227692604065,0.06195416749047009,5.220198970117082,0.2617993877991417,-0.01745329251994278,360,340,340,340,360,360,360
16.764241933822632,0.062059575918040205,5.21125908135189,0.2617993877991417,-0.01745329251994278,360,340,340,340,360,360,360
16.809750080108643,0.06224459511150566,5.193913647323061,0.2617993877991417,-0.01745329251994278,360,340,340,340,360,360,360
16.853189945220947,0.062419468713351196,5.176433629963231,0.2617993877991417,-0.03490658503988556,360,340,340,340,360,360,360
16.89370107650757,0.062495501374648835,5.167821302542184,0.2617993877991417,-0.05235987755982833,360,340,340,340,360,360,360
16.93253993988037,0.06256326186217395,5.158941515290755,0.2617993877991417,-0.05235987755982833,360,340,340,340,360,360,360
16.97158694267273,0.06261816459285333,5.150309517888595,0.2617993877991417,-0.08726646259971389,360,340,340,340,360,360,360
17.024457931518555,0.0626742805008882,5.132731288570046,0.2617993877991417,-0.10471975511965666,360,340,340,340,360,360,360
17.071815013885498,0.0626226375166599,5.115351302279116,0.2617993877991417,-0.10471975511965666,360,340,340,340,360,360,360
17.1217360496521,0.06254853172210355,5.1063831398381865,0.2617993877991417,-0.10471975511965666,360,340,340,340,360,360,360
17.165574073791504,0.06244479492642982,5.097682644949936,0.2617993877991417,-0.10471975511965666,420,340,340,340,360,360,360
17.20449185371399,0.06230583761014411,5.088996830267098,0.2617993877991417,-0.10471975511965666,400,340,340,340,360,360,360
17.244006872177124,0.06230583761014411,5.088996830267098,0.2617993877991417,-0.10471975511965666,380,340,340,340,360,360,360
17.288797855377197,0.06195739486063092,5.071483365821171,0.2617993877991417,-0.10471975511965666,360,340,340,340,360,360,360
17.334584951400757,0.06148447067926686,5.053966224857528,0.2617993877991417,-0.10471975511965666,360,340,340,340,360,360,360
17.376189947128296,0.0612077846363557,5.04532154222221,0.2617993877991417,-0.10471975511965666,340,340,340,340,360,360,280
17.42382287979126,0.060900917932781934,5.03666570818106,0.2617993877991417,-0.12217304763959944,340,340,340,340,360,360,280
17.468098878860474,0.06055288241929394,5.027735682832074,0.2617993877991417,-0.12217304763959944,340,340,340,360,360,360,280
17.512907028198242,0.059774093882957936,5.0103594601751755,0.2617993877991417,-0.13962634015954223,340,340,340,360,360,360,280
17.55734395980835,0.0588350957549831,4.992711469934451,0.2617993877991417,-0.13962634015954223,340,340,340,360,360,360,280
17.598752975463867,0.05831634716803774,4.984052220556671,0.2617993877991417,-0.157079632679485,340,340,340,360,360,360,320
17.649214029312134,0.05774735753218367,4.975140009530464,0.2617993877991417,-0.157079632679485,340,340,340,360,360,360,280
17.689987897872925,0.05714932419112557,4.966506111476632,0.2617993877991417,-0.157079632679485,340,340,340,360,360,280,280
17.733300924301147,0.05580042385632662,4.948995206466483,0.2617993877991417,-0.157079632679485,340,340,340,360,360,280,280
17.782077074050903,0.05428804056123017,4.9317130319367894,0.2617993877991417,-0.157079632679485,320,340,340,360,360,280,280
17.820666074752808,0.05343758986158338,4.9227983583571895,0.2617993877991417,-0.17453292519942779,320,320,340,360,360,280,280
17.860470056533813,0.05343758986158338,4.9227983583571895,0.2617993877991417,-0.17453292519942779,320,320,340,360,360,280,280
17.898130893707275,0.052559292285098064,4.914135408199983,0.2617993877991417,-0.17453292519942779,320,320,340,360,360,280,280
17.932435035705566,0.050623833815033145,4.896554659904378,0.2617993877991417,-0.17453292519942779,320,320,320,360,360,280,280
17.970722913742065,0.04959930620635536,4.887926658191983,0.2617993877991417,-0.19198621771937055,320,320,320,360,260,260,360
18.010572910308838,0.048527555743130044,4.879326263687195,0.2617993877991417,-0.19198621771937055,320,320,320,360,260,260,360
18.04769992828369,0.047370200067586084,4.870457598030489,0.2617993877991417,-0.19198621771937055,320,320,320,360,260,260,360
18.09171986579895,0.04619985159177715,4.861871078397192,0.2617993877991417,-0.19198621771937055,320,320,320,360,260,260,360
18.13005495071411,0.04497536788116375,4.85332769740935,0.2617993877991417,-0.19198621771937055,320,320,360,260,260,260,360
18.178107976913452,0.04230377636345192,4.835918351459225,0.2617993877991417,-0.19198621771937055,320,320,360,260,260,260,360
18.214874029159546,0.03939533644598292,4.81850105501437,0.2617993877991417,-0.19198621771937055,320,320,360,260,260,260,360
18.259599924087524,0.03787684714683686,4.8099286484587145,0.2617993877991417,-0.19198621771937055,320,320,360,260,260,260,360
18.301311016082764,0.03630918352662598,4.801372363645402,0.2617993877991417,-0.20943951023931331,320,320,360,320,260,360,360
18.33896493911743,0.03463968863079762,4.7925974418832675,0.2617993877991417,-0.20943951023931331,320,320,360,260,260,360,360
18.382735013961792,0.031227147892104404,4.775570572660762,0.2617993877991417,-0.20943951023931331,320,320,260,260,260,360,360
18.435347080230713,0.029377589334865045,4.766799741585119,0.2617993877991417,-0.20943951023931331,320,320,260,260,260,360,360
18.47088098526001,0.027523496831788744,4.758297235115727,0.2617993877991417,-0.20943951023931331,320,320,260,260,360,360,360
18.510204076766968,0.025616098122505527,4.749813897400201,0.2617993877991417,-0.20943951023931331,320,320,260,260,360,360,360
18.55237889289856,0.023595868117241705,4.741131216277996,0.2617993877991417,-0.20943951023931331,320,320,260,260,360,360,360
18.598074913024902,0.02156561344965376,4.732695374933051,0.2617993877991417,-0.20943951023931331,320,260,260,260,360,360,360
18.644612073898315,0.01724614123747053,4.715571221585274,0.2617993877991417,-0.24434609527919887,320,260,260,260,360,360,360
18.687905073165894,0.012772838906428158,4.698821052930687,0.2617993877991417,-0.24434609527919887,320,240,260,360,360,360,360
18.730350971221924,0.010366505070550544,4.690207561254233,0.2617993877991417,-0.24434609527919887,240,260,260,360,360,360,360
18.77019691467285,0.00796117218813854,4.681854409483574,0.2617993877991417,-0.24434609527919887,240,240,260,360,360,360,360
18.810823917388916,0.005486720384392988,4.673509342136835,0.2617993877991417,-0.24434609527919887,240,240,240,360,360,360,360
18.854711055755615,0.0002485434724310903,4.656594598927063,0.2617993877991417,-0.24434609527919887,240,240,240,360,360,360,360
18.897517919540405,-0.0024359634814143678,4.648283959802895,0.2617993877991417,-0.27925268031908446,240,240,360,360,360,360,360
18.94156289100647,-0.0052767413589855225,4.639740986185021,0.2617993877991417,-0.2967059728390272,240,240,360,360,360,360,360
18.98836398124695,-0.008105886704837969,4.631468272235477,0.2617993877991417,-0.31415926535897,240,240,360,360,360,360,360
19.03311586380005,-0.011002702715039711,4.623259875975609,0.2617993877991417,-0.31415926535897,240,360,360,360,360,360,360
19.07919406890869,-0.017126850453370604,4.606725084134098,0.2617993877991417,-0.31415926535897,240,360,360,360,360,360,360
19.1195969581604,-0.023601888656387578,4.590291737362989,0.2617993877991417,-0.31415926535897,240,360,360,360,360,360,360
19.16248607635498,-0.02692342340520513,4.582233113943093,0.2617993877991417,-0.31415926535897,240,360,360,360,360,360,360
19.20527195930481,-0.030332980935725617,4.574198208391804,0.2617993877991417,-0.31415926535897,360,360,360,360,360,360,360
19.24981999397278,-0.03393807690195691,4.565945735182166,0.2617993877991417,-0.31415926535897,360,360,360,360,360,360,360
19.290107011795044,-0.04120030045079658,4.5500130101102485,0.2617993877991417,-0.31415926535897,360,360,360,360,360,360,360
19.340455055236816,-0.04888810638573249,4.5340306595459,0.2617993877991417,-0.31415926535897,360,360,360,360,360,360,360
19.385974884033203,-0.05278208269503394,4.526247087714817,0.2617993877991417,-0.31415926535897,360,360,360,360,360,360,360
19.442326068878174,-0.056872981238675166,4.51826291053628,0.2617993877991417,-0.31415926535897,360,360,360,360,360,360,360
19.490959882736206,-0.06090718421931086,4.510596911797401,0.2617993877991417,-0.31415926535897,360,360,360,360,360,360,360
19.53209686279297,-0.0693838351694626,4.495100083600844,0.2617993877991417,-0.31415926535897,360,360,360,360,360,360,360
19.57136106491089,-0.0780810093044434,4.479967666395103,0.2617993877991417,-0.31415926535897,360,360,360,360,360,360,360
19.62047791481018,-0.08269188759983509,4.472233431018752,0.2617993877991417,-0.157079632679485,360,360,360,360,360,360,360
19.659317016601562,-0.0872397652726457,4.464781945901383,0.2617993877991417,-0.10471975511965666,360,360,360,360,360,360,360
19.700934886932373,-0.09195536871551642,4.457200239893291,0.2617993877991417,-0.03490658503988556,360,360,360,360,360,360,360
19.749398946762085,-0.10148950610465712,4.442093547445374,0.2617993877991417,0.0,360,360,360,360,360,360,360
19.795408010482788,-0.10611395162596528,4.434800062698744,0.2617993877991417,0.0,360,360,360,360,360,360,360
19.84230399131775,-0.11087992588937663,4.42727976072097,0.2617993877991417,0.0,360,360,360,360,360,360,360
19.879534006118774,-0.11550007047314576,4.419983595414216,0.2617993877991417,0.01745329251994278,360,360,360,360,360,360,360
19.932301998138428,-0.120100501497337,4.412721343747165,0.2617993877991417,0.05235987755982833,360,360,360,360,360,360,360
19.974318027496338,-0.12484687828638918,4.4052323165740415,0.2617993877991417,0.08726646259971389,360,360,360,360,360,360,360
20.011375904083252,-0.1340715894321876,4.390647637727596,0.2617993877991417,0.08726646259971389,360,360,360,360,360,360,360
20.0536789894104,-0.14339462051222598,4.375798127009266,0.2617993877991417,0.10471975511965666,360,360,360,360,360,360,360
20.097720861434937,-0.14795610640149237,4.368463786161335,0.2617993877991417,0.12217304763959944,360,360,360,360,360,360,360
20.138397932052612,-0.1526067227547566,4.360927972336674,0.2617993877991417,0.12217304763959944,360,360,360,360,360,360,360
20.1877760887146,-0.16155503156826637,4.346234798430893,0.2617993877991417,0.12217304763959944,360,360,360,360,360,360,360
20.237245082855225,-0.166117929150488,4.338635061918062,0.2617993877991417,0.12217304763959944,360,360,360,360,360,360,360
20.27530288696289,-0.17050113094643024,4.331254215015617,0.2617993877991417,0.12217304763959944,360,360,360,360,360,360,360
20.317945957183838,-0.174851383133764,4.323871977314322,0.2617993877991417,0.12217304763959944,360,360,360,360,360,360,360
20.35580086708069,-0.179317480727935,4.316225078263601,0.2617993877991417,0.12217304763959944,360,360,360,360,360,360,360
20.407209873199463,-0.1836291356349031,4.308779245400862,0.2617993877991417,0.13962634015954223,360,360,360,360,360,360,360
20.4478120803833,-0.19230786062554442,4.2935883531241865,0.2617993877991417,0.13962634015954223,360,360,360,360,360,360,360
20.487040996551514,-0.20073437134978978,4.278525392214732,0.2617993877991417,0.13962634015954223,360,360,360,360,360,360,360
20.5324809551239,-0.2050107175078676,4.270756674338195,0.2617993877991417,0.13962634015954223,360,360,360,360,360,360,360
20.580013036727905,-0.20911728841563815,4.263208237283504,0.2617993877991417,0.13962634015954223,360,360,360,360,360,360,360
20.620507955551147,-0.21319046854030654,4.255640167609963,0.2617993877991417,0.13962634015954223,360,360,360,360,360,360,360
20.66091299057007,-0.22131809409953507,4.24025402710136,0.2617993877991417,0.13962634015954223,360,360,360,360,360,360,360
20.71316695213318,-0.22932034237372334,4.224773359663253,0.2617993877991417,0.13962634015954223,360,360,360,360,360,360,360
20.755295038223267,-0.23321831706127483,4.217107798582203,0.2617993877991417,0.13962634015954223,360,360,360,360,360,360,360
20.80548095703125,-0.23708753196401905,4.2094143442178105,0.2617993877991417,0.13962634015954223,360,360,360,360,360,360,360
20.843234062194824,-0.24485291400408088,4.193713282762831,0.2617993877991417,0.13962634015954223,360,360,360,360,360,360,360
20.886237859725952,-0.24485291400408088,4.193713282762831,0.2617993877991417,0.13962634015954223,360,360,360,360,360,360,360
20.921836853027344,-0.25248591370125195,4.177916823444787,0.2617993877991417,0.13962634015954223,360,360,360,360,360,360,360
20.963468074798584,-0.25618165837966256,4.1701399426374826,0.2617993877991417,0.13962634015954223,360,360,360,360,360,360,360
21.007722854614258,-0.25981615763697274,4.162363926695296,0.2617993877991417,0.13962634015954223,360,360,360,360,360,360,360
21.046218872070312,-0.2670779179097595,4.1465716051116,0.2617993877991417,0.13962634015954223,360,360,360,360,360,360,360
21.088227033615112,-0.27060739361607433,4.138756060106038,0.2617993877991417,0.13962634015954223,360,360,360,360,360,360,360
21.124631881713867,-0.2742116946011001,4.130675644460445,0.2617993877991417,0.13962634015954223,360,360,360,360,360,360,360
21.164583921432495,-0.2776790270070128,4.122805277712127,0.2617993877991417,0.13962634015954223,360,360,360,360,360,360,360
21.202188968658447,-0.2811157389328309,4.114907924547369,0.2617993877991417,0.10471975511965666,360,360,360,360,360,360,360
21.245388984680176,-0.28462424834382266,4.106743637914961,0.2617993877991417,0.03490658503988556,360,360,360,360,360,360,360
21.290382862091064,-0.2913868962918481,4.090799550791187,0.2617993877991417,0.03490658503988556,360,360,360,360,360,360,360
21.33665704727173,-0.29485494232447956,4.08257719591608,0.2617993877991417,0.01745329251994278,360,360,360,360,360,360,360
21.391342878341675,-0.30152271998399366,4.066698075409712,0.2617993877991417,0.01745329251994278,360,360,360,360,360,360,360
21.43879795074463,-0.30494547454936133,4.058521321605931,0.2617993877991417,0.03490658503988556,360,360,360,360,360,360,360
21.48636794090271,-0.31157680908017255,4.042639258885296,0.2617993877991417,0.06981317007977111,360,360,360,360,360,360,360
21.533252954483032,-0.314981497666326,4.034442124250159,0.2617993877991417,0.10471975511965666,360,360,360,360,360,360,360
21.578418970108032,-0.318269384329378,4.026476462934912,0.2617993877991417,0.10471975511965666,360,360,360,360,360,360,360
21.624316930770874,-0.321535345104853,4.018494156066184,0.2617993877991417,0.10471975511965666,360,360,360,360,360,360,360
21.669010877609253,-0.32487642389951893,4.010247181582466,0.2617993877991417,0.10471975511965666,360,360,360,360,360,360,360
21.71285605430603,-0.3280964558813277,4.002223419403166,0.2617993877991417,0.10471975511965666,360,360,360,360,360,360,360
21.75687599182129,-0.3345672481940416,3.985883944584787,0.2617993877991417,0.10471975511965666,360,360,360,360,360,360,360
21.808888912200928,-0.3407787504775231,3.969843251317076,0.2617993877991417,0.10471975511965666,360,360,360,360,360,360,360
21.85599994659424,-0.34392550276776923,3.961591856884277,0.2617993877991417,0.10471975511965666,360,360,360,360,360,360,360
21.904057025909424,-0.34695408096766484,3.9535668479286956,0.2617993877991417,0.10471975511965666,360,360,360,360,360,360,360
21.946287870407104,-0.35302768548683583,3.937210200632804,0.2617993877991417,0.10471975511965666,360,360,360,360,360,360,360
21.99241805076599,-0.3589149077125066,3.921009494748415,0.2617993877991417,0.10471975511965666,360,360,360,360,360,360,360
22.039368867874146,-0.36191043975882725,3.9126309572712437,0.2617993877991417,0.10471975511965666,360,360,360,360,360,360,360
22.08151602745056,-0.36479402596491517,3.9044810762069746,0.2617993877991417,0.10471975511965666,360,360,360,360,360,360,360
22.118884086608887,-0.3676551320116445,3.8963164302062054,0.2617993877991417,0.10471975511965666,360,360,360,360,360,360,360
22.161279916763306,-0.3733559549314185,3.879772571381713,0.2617993877991417,0.05235987755982833,360,360,360,360,360,360,360
22.204649925231934,-0.376106683054413,3.8716256586027065,0.2617993877991417,0.01745329251994278,360,360,360,360,360,360,360
22.25248408317566,-0.3816401692612814,3.855134438532944,0.2617993877991417,0.01745329251994278,360,360,360,360,360,360,360
22.30089807510376,-0.3843709451588206,3.8469655082045526,0.2617993877991417,0.01745329251994278,360,360,360,360,360,360,360
22.350630044937134,-0.38991000514307295,3.830341649335807,0.2617993877991417,0.0,360,360,360,360,360,360,360
22.390373945236206,-0.3926361641721995,3.8221353123525983,0.2617993877991417,0.0,360,360,360,360,360,360,360
22.42842388153076,-0.39544450246594615,3.8136686128425166,0.2617993877991417,0.0,360,360,360,360,360,360,360
22.4698429107666,-0.39817180286035075,3.8054453350249045,0.2617993877991417,0.0,360,360,360,360,360,360,360
22.519413948059082,-0.4008970286663545,3.7972247887280695,0.2617993877991417,0.0,360,360,360,360,360,360,360
22.573603868484497,-0.4036954516679055,3.788790142164965,0.2617993877991417,0.0,360,360,360,360,360,360,360
22.614355087280273,-0.40913390004681166,3.7724123879342284,0.2617993877991417,0.0,360,360,360,360,360,360,360
22.651753902435303,-0.41464822622961944,3.7558241461186244,0.2617993877991417,0.0,360,360,360,360,360,360,360
22.70147204399109,-0.417366832362938,3.747644208713033,0.2617993877991417,0.0,360,360,360,360,360,360,360
22.74838089942932,-0.4201704603133054,3.739205558119501,0.2617993877991417,0.0,360,360,360,360,360,360,360
22.786155939102173,-0.4228945161570773,3.7310049402321264,0.2617993877991417,0.0,360,360,360,360,360,360,360
22.823349952697754,-0.4284331158598761,3.7143276967525978,0.2617993877991417,0.0,360,360,360,360,360,360,360
22.860010862350464,-0.4284331158598761,3.7143276967525978,0.2617993877991417,0.0,360,360,360,360,360,360,360
22.895120859146118,-0.4338921845548563,3.697890526119457,0.2617993877991417,0.0,360,360,360,360,360,360,360
22.933822870254517,-0.4366927350210839,3.6894607788654143,0.2617993877991417,0.0,360,360,360,360,360,360,360
22.97463607788086,-0.43941761885832153,3.6812662541632433,0.2617993877991417,0.0,360,360,360,360,360,360,360
23.010990858078003,-0.43941761885832153,3.6812662541632433,0.2617993877991417,0.0,360,360,360,360,360,360,360
23.05272603034973,-0.44493703576876326,3.664670185154637,0.2617993877991417,0.0,360,360,360,360,360,360,360
23.096128940582275,-0.4503787281304911,3.64831744944859,0.2617993877991417,0.0,360,360,360,360,360,360,360
23.136266946792603,-0.45318559057754004,3.6398783598586792,0.2617993877991417,0.0,360,360,360,360,360,360,360
23.18014407157898,-0.4559127351361731,3.631677524965635,0.2617993877991417,0.0,360,360,360,360,360,360,360
23.23199200630188,-0.4586424904043504,3.6234675283963425,0.2617993877991417,0.0,360,360,360,360,360,360,360
23.288249969482422,-0.46419045090010314,3.6067805805187065,0.2617993877991417,0.0,360,360,360,360,360,360,360
23.338901042938232,-0.46972456211541924,3.590141089866237,0.2617993877991417,0.0,360,360,360,360,360,360,360
23.383301973342896,-0.47245162879858443,3.5819456944900057,0.2617993877991417,0.0,360,360,360,360,360,360,360
23.427006006240845,-0.47517476405990344,3.5737684591161836,0.2617993877991417,0.01745329251994278,360,360,360,360,360,360,360
23.48380994796753,-0.48341320166320023,3.5490061223907947,0.2617993877991417,0.03490658503988556,360,360,360,360,360,360,360
23.526099920272827,-0.4862065442008637,3.5405699741990304,0.2617993877991417,0.08726646259971389,360,360,360,360,360,360,360
23.564750909805298,-0.4889078780498283,3.532371414909679,0.2617993877991417,0.10471975511965666,360,360,360,360,360,360,360
23.60542607307434,-0.49159110492340047,3.5241649831849435,0.2617993877991417,0.10471975511965666,360,360,360,360,360,360,360
23.64768385887146,-0.4943301288177427,3.515698002880357,0.2617993877991417,0.10471975511965666,360,360,360,360,360,360,360
23.689167976379395,-0.49696224406418965,3.5074681455447,0.2617993877991417,0.10471975511965666,360,360,360,360,360,360,360
23.736114978790283,-0.5022046760976201,3.4907879029322677,0.2617993877991417,0.06981317007977111,360,360,360,360,360,360,360
23.778506994247437,-0.5072598531459922,3.4743314938972194,0.2617993877991417,0.05235987755982833,360,360,360,360,360,360,360
23.821954011917114,-0.5098279199628563,3.4658830326197485,0.2617993877991417,0.03490658503988556,360,360,360,360,360,360,360
23.867568016052246,-0.5123144154386365,3.4576449636530295,0.2617993877991417,0.01745329251994278,360,360,360,360,360,360,360
23.91969108581543,-0.5173394523828853,3.44088045801088,0.2617993877991417,0.01745329251994278,360,360,360,360,360,360,360
23.95767593383789,-0.5198109954051813,3.432600980892305,0.2617993877991417,0.01745329251994278,360,360,360,360,360,360,360
24.001739978790283,-0.5222800173271265,3.42431057125113,0.2617993877991417,0.01745329251994278,360,360,360,360,360,360,360
24.0471830368042,-0.524819860394112,3.415762818479575,0.2617993877991417,0.01745329251994278,360,360,360,360,360,360,360
24.090303897857666,-0.5272749823004235,3.4074690010352726,0.2617993877991417,0.01745329251994278,360,360,360,360,360,360,360
24.1373929977417,-0.532236852124801,3.3906875626647968,0.2617993877991417,0.01745329251994278,360,360,360,360,360,360,360
24.185277938842773,-0.537116740080206,3.3741370800990103,0.2617993877991417,0.01745329251994278,360,360,360,360,360,360,360
24.230520009994507,-0.539619124404196,3.365631076820131,0.2617993877991417,0.01745329251994278,360,360,360,360,360,360,360
24.26534104347229,-0.5420449901702886,3.3573654659030567,0.2617993877991417,0.01745329251994278,360,360,360,360,360,360,360
24.3118679523468,-0.546960105156804,3.3405577460593623,0.2617993877991417,0.01745329251994278,360,360,360,360,360,360,360
24.35663890838623,-0.5493771826600283,3.332260984278022,0.2617993877991417,0.01745329251994278,360,360,360,360,360,360,360
24.399159908294678,-0.5517914051095966,3.323953958669823,0.2617993877991417,0.01745329251994278,360,360,360,360,360,360,360
24.435528993606567,-0.5542742847462675,3.3153909695837736,0.2617993877991417,0.01745329251994278,360,360,360,360,360,360,360
24.47135305404663,-0.5566722159862916,3.3070861822192787,0.2617993877991417,0.0,360,360,360,360,360,360,360
24.507675886154175,-0.5615277940004264,3.2902703044660746,0.2617993877991417,0.0,360,360,360,360,360,360,360
24.54520297050476,-0.5615277940004264,3.2902703044660746,0.2617993877991417,0.0,360,360,360,360,360,360,360
24.587172985076904,-0.5663203699769892,3.273684784573251,0.2617993877991417,0.0,360,360,360,360,360,360,360
24.627696990966797,-0.5687850062161658,3.2651620006863435,0.2617993877991417,0.0,360,360,360,360,360,360,360
24.663864850997925,-0.5711788948547861,3.2568821188404398,0.2617993877991417,0.0,360,360,360,360,360,360,360
24.717786073684692,-0.5735736170182874,3.248596485535219,0.2617993877991417,0.0,360,360,360,360,360,360,360
24.76546287536621,-0.5784414519943126,3.2317419613186877,0.2617993877991417,0.0,360,360,360,360,360,360,360
24.81462001800537,-0.5833143781309743,3.21486109316992,0.2617993877991417,0.0,360,360,360,360,360,360,360
24.857632875442505,-0.5857082385050602,3.2065565338288655,0.2617993877991417,0.0,360,360,360,360,360,360,360
24.909756898880005,-0.5880963966471346,3.198291371153736,0.2617993877991417,0.0,360,360,360,360,360,360,360
24.95824408531189,-0.5905694506157182,3.189740021209044,0.2617993877991417,-0.01745329251994278,360,360,360,360,360,360,360
25.00287699699402,-0.5953644628306396,3.1731771453766457,0.2617993877991417,-0.01745329251994278,360,360,360,360,360,360,360
25.043668031692505,-0.600243119250136,3.156384492154701,0.2617993877991417,-0.01745329251994278,360,360,360,360,360,360,360
25.085560083389282,-0.602656570017831,3.1481007361161812,0.2617993877991417,-0.01745329251994278,360,360,360,360,360,360,360
25.12969398498535,-0.6051507348416378,3.139555404176552,0.2617993877991417,-0.01745329251994278,360,360,360,360,360,360,360
25.173987865447998,-0.6075785408305511,3.1312528334092766,0.2617993877991417,-0.01745329251994278,360,360,360,360,360,360,360
25.21160888671875,-0.6125245865046052,3.1143845989969963,0.2617993877991417,-0.01745329251994278,360,360,360,360,360,360,360
25.249356985092163,-0.6125245865046052,3.1143845989969963,0.2617993877991417,-0.03490658503988556,360,360,360,360,360,360,360
25.289958000183105,-0.6174062210545258,3.0978136626820794,0.2617993877991417,-0.05235987755982833,360,360,360,360,360,360,360
25.335376024246216,-0.6199431129734903,3.089268826119095,0.2617993877991417,-0.06981317007977111,360,360,360,360,360,360,360
25.375848054885864,-0.6224203617751823,3.0809853931325257,0.2617993877991417,-0.03490658503988556,360,360,360,360,360,360,360
25.41281008720398,-0.6249152577529549,3.0727131799093312,0.2617993877991417,0.0,360,360,360,360,360,360,360
25.45207190513611,-0.6300086159837673,3.055963864070561,0.2617993877991417,0.0,360,360,360,360,360,360,360
25.490596055984497,-0.6300086159837673,3.055963864070561,0.2617993877991417,0.0,360,360,360,360,360,360,360
25.537975072860718,-0.6351183126539676,3.039195888825519,0.2617993877991417,0.01745329251994278,360,360,360,360,360,360,360
25.581587076187134,-0.6376383546706827,3.030922485837734,0.2617993877991417,0.03490658503988556,360,360,360,360,360,360,360
25.630682945251465,-0.6401582573753819,3.0226430279064895,0.2617993877991417,0.03490658503988556,360,360,360,360,360,360,360
25.68603205680847,-0.6477359770942517,2.997617459308061,0.2617993877991417,0.05235987755982833,360,360,360,360,360,360,360
25.727349996566772,-0.6502945279866129,2.989110000185806,0.2617993877991417,0.05235987755982833,360,360,360,360,360,360,360
25.774987936019897,-0.6527602193276248,2.980849414213552,0.2617993877991417,0.05235987755982833,360,360,360,360,360,360,360
25.83422589302063,-0.6577207965301571,2.964102738792998,0.2617993877991417,0.05235987755982833,360,360,360,360,360,360,360
25.886297941207886,-0.6601433534104044,2.9558449935598885,0.2617993877991417,0.06981317007977111,360,360,360,360,360,360,360
25.9322988986969,-0.6650197571392744,2.9390385436170945,0.2617993877991417,0.08726646259971389,360,360,360,360,360,360,360
25.975128889083862,-0.6697544746245162,2.9224308221025064,0.2617993877991417,0.08726646259971389,360,360,360,360,360,360,360
26.016354084014893,-0.6697544746245162,2.9224308221025064,0.2617993877991417,0.10471975511965666,360,360,360,360,360,360,360
26.06504988670349,-0.6744434681162923,2.9056003556727408,0.2617993877991417,0.10471975511965666,360,360,360,360,360,360,360
26.107017993927002,-0.6744434681162923,2.9056003556727408,0.2617993877991417,0.10471975511965666,360,360,360,360,360,360,360
26.15039086341858,-0.6790349317724317,2.8887506049976595,0.2617993877991417,0.10471975511965666,360,360,360,360,360,360,360
26.192321062088013,-0.6834468468507744,2.872093790970184,0.2617993877991417,0.10471975511965666,360,360,360,360,360,360,360
26.23197102546692,-0.6856723979179038,2.8635296054414043,0.2617993877991417,0.10471975511965666,360,360,360,360,360,360,360
26.277596950531006,-0.6878045841751743,2.8552035463174996,0.2617993877991417,0.10471975511965666,360,360,360,360,360,360,360
26.327395915985107,-0.6920468626682463,2.838252445001098,0.2617993877991417,0.10471975511965666,360,360,360,360,360,360,360
26.369899034500122,-0.6940946230610436,2.8298791736759075,0.2617993877991417,0.10471975511965666,360,360,360,360,360,360,360
26.409932851791382,-0.6961135724680522,2.8214967391540267,0.2617993877991417,0.10471975511965666,360,360,360,360,360,360,360
26.453919887542725,-0.6981529804213279,2.8128729432167683,0.2617993877991417,0.10471975511965666,360,360,360,360,360,360,360
26.49923586845398,-0.7001039882505214,2.8045210111203343,0.2617993877991417,0.10471975511965666,360,360,360,360,360,360,360
26.549082040786743,-0.7058879407290444,2.7790543419127407,0.2617993877991417,0.10471975511965666,360,360,360,360,360,360,360
26.597594022750854,-0.7077383077626558,2.770628719629892,0.2617993877991417,0.10471975511965666,360,360,360,360,360,360,360
26.63207697868347,-0.7096162197489034,2.761954663291288,0.2617993877991417,0.10471975511965666,360,360,360,360,360,360,360
26.669960021972656,-0.7114041732500095,2.7535468698393135,0.2617993877991417,0.10471975511965666,360,360,360,360,360,360,360
26.720772981643677,-0.7131644950947625,2.7451264368171158,0.2617993877991417,0.10471975511965666,360,360,360,360,360,360,360
26.761183977127075,-0.7166490399773902,2.7279933511568357,0.2617993877991417,0.10471975511965666,360,360,360,360,360,360,360
26.801866054534912,-0.7183120554806849,2.7195532359271875,0.2617993877991417,0.10471975511965666,360,360,360,360,360,360,360
26.845706939697266,-0.7199926599752753,2.710895694732691,0.2617993877991417,0.10471975511965666,360,360,360,360,360,360,360
26.884989023208618,-0.7216045391115834,2.702447090949588,0.2617993877991417,0.10471975511965666,360,360,360,360,360,360,360
26.926296949386597,-0.7231923234820208,2.693985914690733,0.2617993877991417,0.10471975511965666,360,360,360,360,360,360,360
26.980154991149902,-0.7248023535391865,2.6852536466828,0.2617993877991417,0.10471975511965666,360,360,360,360,360,360,360
27.020103931427002,-0.7278475279351202,2.6682579485830695,0.2617993877991417,0.10471975511965666,360,360,360,360,360,360,360
27.057584047317505,-0.7308136992787309,2.651006123242918,0.2617993877991417,0.10471975511965666,360,360,360,360,360,360,360
27.104284048080444,-0.7322278114442803,2.642518358536717,0.2617993877991417,0.10471975511965666,360,360,360,360,360,360,360
27.148653030395508,-0.7336540303632707,2.6337651884949578,0.2617993877991417,0.10471975511965666,360,360,360,360,360,360,360
27.20223307609558,-0.7349999024625311,2.6252681755848015,0.2617993877991417,0.10471975511965666,360,360,360,360,360,360,360
27.247503995895386,-0.7376415154181525,2.6080635729931942,0.2617993877991417,0.10471975511965666,360,360,360,360,360,360,360
27.293197870254517,-0.7401447528867594,2.591037598709499,0.2617993877991417,0.10471975511965666,360,360,360,360,360,360,360
27.339307069778442,-0.7413939647345581,2.582243360380224,0.2617993877991417,0.10471975511965666,360,360,360,360,360,360,360
27.391226053237915,-0.7425805610140078,2.5736934017939017,0.2617993877991417,0.10471975511965666,360,360,360,360,360,360,360
27.437730073928833,-0.7449014803612891,2.556297267491946,0.2617993877991417,0.10471975511965666,360,360,360,360,360,360,360
27.487410068511963,-0.7470648883311436,2.5391907726779577,0.2617993877991417,0.10471975511965666,360,360,360,360,360,360,360
27.538349866867065,-0.7481244488329334,2.530387660315892,0.2617993877991417,0.10471975511965666,360,360,360,360,360,360,360
27.600306034088135,-0.7491184983636673,2.5218758594779627,0.2617993877991417,0.10471975511965666,360,360,360,360,360,360,360
27.647490978240967,-0.7510542725507321,2.50456091554499,0.2617993877991417,0.10471975511965666,360,360,360,360,360,360,360
27.691261053085327,-0.7528543450160289,2.4874446678576234,0.2617993877991417,0.12217304763959944,360,360,360,360,360,360,360
27.735949993133545,-0.7537392892582307,2.478603993262857,0.2617993877991417,0.12217304763959944,360,360,360,360,360,360,360
27.784991025924683,-0.7545683470258425,2.4700142911507634,0.2617993877991417,0.12217304763959944,360,360,360,360,360,360,360
27.829524040222168,-0.7561544377885794,2.4525344400200804,0.2617993877991417,0.12217304763959944,360,360,360,360,360,360,360
27.869576930999756,-0.7568816413214706,2.443916870817289,0.2617993877991417,0.12217304763959944,360,360,360,360,360,360,360
27.91732096672058,-0.7582397632963099,2.4264998309430648,0.2617993877991417,0.12217304763959944,360,360,360,360,360,360,360
27.966656923294067,-0.7588527656732612,2.417959636201462,0.2617993877991417,0.13962634015954223,360,360,360,360,360,360,360
28.008904933929443,-0.7594319119162009,2.4094060371566446,0.2617993877991417,0.157079632679485,360,360,360,360,360,360,360
28.049604892730713,-0.7594319119162009,2.4094060371566446,0.2617993877991417,0.17453292519942779,360,360,360,360,360,360,360
28.09146785736084,-0.7604945750044174,2.39201635435899,0.2617993877991417,0.17453292519942779,360,360,360,360,360,360,360
28.128692865371704,-0.7613795895677566,2.3745770412371145,0.2617993877991417,0.19198621771937055,360,360,360,360,360,360,360
28.17187190055847,-0.761741480618286,2.3659732061419643,0.2617993877991417,0.20943951023931331,360,360,360,360,360,360,360
28.216810941696167,-0.762050015761045,2.3573574426246373,0.2617993877991417,0.24434609527919887,360,360,360,360,360,360,360
28.255558967590332,-0.7623099040439812,2.3484782932089328,0.2617993877991417,0.24434609527919887,360,360,360,360,360,360,360
28.2921359539032,-0.7626389980684244,2.3312824198303366,0.2617993877991417,0.24434609527919887,360,360,360,360,360,360,360
28.33322286605835,-0.7626913497381956,2.322464910141908,0.2617993877991417,0.24434609527919887,360,360,360,360,360,360,360
28.373404026031494,-0.7626768234620177,2.3139357352932155,0.2617993877991417,0.24434609527919887,360,360,360,360,360,360,360
28.417850017547607,-0.7625951715543694,2.305398631622394,0.2617993877991417,0.24434609527919887,360,360,360,360,360,360,360
28.460483074188232,-0.7624383139961596,2.296594821821994,0.2617993877991417,0.24434609527919887,360,360,360,360,360,360,360
28.502235889434814,-0.7622153926449615,2.288039456546403,0.2617993877991417,0.24434609527919887,360,360,360,360,360,360,360
28.543043851852417,-0.7615486731841291,2.270638932221411,0.2617993877991417,0.24434609527919887,360,360,360,360,360,360,360
28.581757068634033,-0.7606122719575333,2.2534771152995026,0.2617993877991417,0.24434609527919887,360,360,360,360,360,360,360
28.621290922164917,-0.760023117190257,2.244653960863494,0.2617993877991417,0.24434609527919887,360,360,360,360,360,360,360
28.668094873428345,-0.7593862552648029,2.236129667524242,0.2617993877991417,0.24434609527919887,360,360,360,360,360,360,360
28.719788074493408,-0.7586807982499026,2.2275808824376635,0.2617993877991417,0.24434609527919887,360,360,360,360,360,360,360
28.77052092552185,-0.7570419865293382,2.2102275791727273,0.2617993877991417,0.24434609527919887,360,360,360,360,360,360,360
28.810499906539917,-0.7551331063873777,2.192945582416816,0.2617993877991417,0.24434609527919887,360,360,360,360,360,360,360
28.849369049072266,-0.7540887158485163,2.184451209804724,0.2617993877991417,0.24434609527919887,360,360,360,360,360,360,360
28.890800952911377,-0.7540887158485163,2.184451209804724,0.2617993877991417,0.24434609527919887,360,360,360,360,360,360,360
28.934813976287842,-0.7529731320695845,2.175955961545524,0.2617993877991417,0.24434609527919887,360,360,360,360,360,360,360
28.980695962905884,-0.7491646207913142,2.1502514337936502,0.2617993877991417,0.24434609527919887,360,360,360,360,360,360,360
29.021223068237305,-0.7491646207913142,2.1502514337936502,0.2617993877991417,0.20943951023931331,360,360,360,360,360,360,360
29.060221910476685,-0.7462694257671414,2.1331114606455075,0.2617993877991417,0.20943951023931331,360,360,360,360,360,360,360
29.105774879455566,-0.7447483636149304,2.1246620754215106,0.2617993877991417,0.20943951023931331,360,360,360,360,360,360,360
29.162208080291748,-0.7431203330328106,2.115956901480627,0.2617993877991417,0.19198621771937055,360,360,360,360,360,360,360
29.20740008354187,-0.7414818694274671,2.1075134412585195,0.2617993877991417,0.17453292519942779,360,360,360,360,360,360,360
29.24770188331604,-0.7379861775237364,2.0904124939671274,0.2617993877991417,0.17453292519942779,360,360,360,360,360,360,360
29.29203486442566,-0.7343415488305061,2.0736743065037673,0.2617993877991417,0.157079632679485,360,360,360,360,360,360,360
29.33482599258423,-0.7323778778945357,2.0650445749634208,0.2617993877991417,0.13962634015954223,360,360,360,360,360,360,360
29.3764169216156,-0.7304354820999645,2.056703002053194,0.2617993877991417,0.12217304763959944,360,360,360,360,360,360,360
29.425867080688477,-0.7284490282122875,2.048359502257804,0.2617993877991417,0.06981317007977111,360,360,360,360,360,360,360
29.477624893188477,-0.7243063473372912,2.031400792120956,0.2617993877991417,0.01745329251994278,360,360,360,360,360,360,360
29.51891803741455,-0.7200678378768259,2.014377809669851,0.2617993877991417,0.0,360,360,360,360,360,360,360
29.562556982040405,-0.7179681106161993,2.005975301294667,0.2617993877991417,-0.01745329251994278,360,360,360,360,360,360,360
29.61522102355957,-0.7158695027043601,1.997565553016985,0.2617993877991417,-0.01745329251994278,360,360,360,360,360,360,360
29.659596920013428,-0.7116356537901765,1.9805565067312807,0.2617993877991417,-0.01745329251994278,360,360,360,360,360,360,360
29.702099084854126,-0.7095515279118176,1.9721756512147766,0.2617993877991417,-0.01745329251994278,360,360,360,360,360,360,360
29.742868900299072,-0.7074091109028187,1.9635510611832716,0.2617993877991417,-0.01745329251994278,360,360,360,360,360,360,360
29.785635948181152,-0.7053394325726263,1.9551919326179388,0.2617993877991417,-0.01745329251994278,360,360,360,360,360,360,360
29.833466053009033,-0.7032731321775737,1.9468248251172016,0.2617993877991417,-0.03490658503988556,360,360,360,360,360,360,360
29.878812074661255,-0.6990900023875435,1.9298075414241342,0.2617993877991417,-0.05235987755982833,360,360,360,360,360,360,360
29.920909881591797,-0.6949277442501314,1.912725379857641,0.2617993877991417,-0.08726646259971389,360,360,360,360,360,360,360
29.961430072784424,-0.6928970763554145,1.90428529040332,0.2617993877991417,-0.12217304763959944,360,360,360,360,360,360,360
29.999016046524048,-0.6908892178192066,1.8958331674104223,0.2617993877991417,-0.17453292519942779,360,360,360,360,360,360,360
30.040238857269287,-0.6888626205562721,1.8871683963614418,0.2617993877991417,-0.12217304763959944,360,360,360,360,360,360,360
30.08066987991333,-0.6850554490475488,1.8703565800286683,0.2617993877991417,-0.05235987755982833,360,360,360,360,360,360,360
30.11752200126648,-0.6850554490475488,1.8703565800286683,0.2617993877991417,-0.03490658503988556,360,360,360,360,360,360,360
30.156933069229126,-0.6813588263942247,1.8534737963228642,0.2617993877991417,-0.01745329251994278,360,360,360,360,360,360,360
30.196799993515015,-0.6795432797849235,1.8450797069487044,0.2617993877991417,0.0,360,360,360,360,360,360,360
30.236368894577026,-0.6776692577182168,1.8363951671072645,0.2617993877991417,0.0,360,360,360,360,360,360,360
30.279645919799805,-0.6758500322972154,1.8279552067213127,0.2617993877991417,0.0,360,360,360,360,360,360,360
30.33105492591858,-0.6721530944248765,1.8107874647382893,0.2617993877991417,0.0,360,360,360,360,360,360,360
30.3749680519104,-0.6685127662518024,1.7938633882836519,0.2617993877991417,0.0,360,360,360,360,360,360,360
30.421410083770752,-0.6666424697088295,1.7851879929628172,0.2617993877991417,0.0,360,360,360,360,360,360,360
30.47349786758423,-0.6648225016025644,1.7767571021896307,0.2617993877991417,0.0,360,360,360,360,360,360,360
30.51594305038452,-0.6630010798626499,1.768322483841772,0.2617993877991417,0.0,360,360,360,360,360,360,360
30.561749935150146,-0.6592997508373234,1.7512248576478189,0.2617993877991417,0.0,360,360,360,360,360,360,360
30.609241008758545,-0.6556006497555289,1.7341120126733287,0.2617993877991417,0.0,360,360,360,360,360,360,360
30.659421920776367,-0.6537781149098633,1.7256700111878136,0.2617993877991417,0.0,360,360,360,360,360,360,360
30.70993208885193,-0.6519543709901704,1.7172176604258487,0.2617993877991417,0.0,360,360,360,360,360,360,360
30.756996870040894,-0.650075013146888,1.7085001541988778,0.2617993877991417,0.0,360,360,360,360,360,360,360
30.795621871948242,-0.6464294722882874,1.6915793393233618,0.2617993877991417,0.0,360,360,360,360,360,360,360
30.83060598373413,-0.6445575448859084,1.6829097547180485,0.2617993877991417,0.0,360,360,360,360,360,360,360
30.877924919128418,-0.6427325272869459,1.6744747297521325,0.2617993877991417,0.0,360,360,360,360,360,360,360
30.940864086151123,-0.6390237815181237,1.657358856799896,0.2617993877991417,0.0,360,360,360,360,360,360,360
30.979878902435303,-0.6372011963663152,1.6489458687002823,0.2617993877991417,0.0,360,360,360,360,360,360,360
31.02574586868286,-0.6334960971992846,1.6318333968087686,0.2617993877991417,0.0,360,360,360,360,360,360,360
31.06847906112671,-0.6316703914432171,1.6233908184629047,0.2617993877991417,0.0,360,360,360,360,360,360,360
31.116852045059204,-0.6298435540286874,1.6149380301918401,0.2617993877991417,0.0,360,360,360,360,360,360,360
31.16257905960083,-0.6279610535047552,1.606220439376096,0.2617993877991417,0.0,360,360,360,360,360,360,360
31.216590881347656,-0.6224355268462082,1.5806384357293366,0.2617993877991417,0.0,360,360,360,360,360,360,360
31.26747989654541,-0.6206063232354793,1.572201072031123,0.2617993877991417,0.0,360,360,360,360,360,360,360
31.308794021606445,-0.6187791582790805,1.5637683498334174,0.2617993877991417,0.0,360,360,360,360,360,360,360
31.349575996398926,-0.6168919902938828,1.55508873266178,0.2617993877991417,0.0,360,360,360,360,360,360,360
31.38895606994629,-0.6150656154942525,1.5466745280066085,0.2617993877991417,0.0,360,360,360,360,360,360,360
31.43052887916565,-0.6113547235250617,1.5295625020712407,0.2617993877991417,0.0,360,360,360,360,360,360,360
31.480239868164062,-0.6076959610081392,1.512665988412102,0.2617993877991417,0.0,360,360,360,360,360,360,360
31.522552967071533,-0.6058103038492825,1.5039483922160286,0.2617993877991417,0.0,360,360,360,360,360,360,360
31.566824913024902,-0.6039808776102386,1.4954867014515554,0.2617993877991417,0.0,360,360,360,360,360,360,360
31.610229015350342,-0.6002763874059385,1.478373804533331,0.2617993877991417,0.0,360,360,360,360,360,360,360
31.64866805076599,-0.6002763874059385,1.478373804533331,0.2617993877991417,0.0,360,360,360,360,360,360,360
31.683995962142944,-0.596612807185474,1.4615040266478094,0.2617993877991417,0.0,360,360,360,360,360,360,360
31.736835956573486,-0.5947234867067653,1.4528275479032247,0.2617993877991417,0.0,360,360,360,360,360,360,360
31.775925874710083,-0.5928931856411858,1.4444116930436335,0.2617993877991417,0.0,360,360,360,360,360,360,360
31.824955940246582,-0.5910625801027705,1.4359880123933009,0.2617993877991417,0.0,360,360,360,360,360,360,360
31.8725528717041,-0.5873444580412764,1.4188560784158164,0.2617993877991417,0.0,360,360,360,360,360,360,360
31.919972896575928,-0.5836226600865801,1.401684997806129,0.2617993877991417,0.0,360,360,360,360,360,360,360
31.97229504585266,-0.5817905498623213,1.3932243225528,0.2617993877991417,0.0,360,360,360,360,360,360,360
32.017194986343384,-0.5799588670534638,1.3847782989830417,0.2617993877991417,0.0,360,360,360,360,360,360,360
32.06477403640747,-0.5762439560652198,1.3676781175575237,0.2617993877991417,0.01745329251994278,360,360,360,360,360,360,360
32.10561800003052,-0.5725225945966376,1.350605072082096,0.2617993877991417,0.01745329251994278,360,360,360,360,360,360,360
32.14790201187134,-0.5706837644891734,1.3421930672020017,0.2617993877991417,0.05235987755982833,360,360,360,360,360,360,360
32.2043879032135,-0.568840429337758,1.3337806951165674,0.2617993877991417,0.06981317007977111,360,360,360,360,360,360,360
32.262425899505615,-0.5669299470242222,1.3251097599000645,0.2617993877991417,0.10471975511965666,360,360,360,360,360,360,360
32.315556049346924,-0.5631665486143155,1.3082707924762114,0.2617993877991417,0.10471975511965666,360,360,360,360,360,360,360
32.365357875823975,-0.5592404299914994,1.2911749100863108,0.2617993877991417,0.06981317007977111,360,360,360,360,360,360,360
32.40841197967529,-0.5572582622508083,1.2827690757332069,0.2617993877991417,0.03490658503988556,360,360,360,360,360,360,360
32.451961040496826,-0.5552180181671642,1.274216809707646,0.2617993877991417,0.01745329251994278,360,360,360,360,360,360,360
32.499074935913086,-0.5532100426432494,1.2658899938862107,0.2617993877991417,0.01745329251994278,360,360,360,360,360,360,360
32.544291973114014,-0.549061987169676,1.248892403039905,0.2617993877991417,0.01745329251994278,360,360,360,360,360,360,360
32.588736057281494,-0.5449641774828052,1.232158846124519,0.2617993877991417,0.01745329251994278,360,360,360,360,360,360,360
32.63145995140076,-0.542844150783436,1.2235256677474993,0.2617993877991417,0.01745329251994278,360,360,360,360,360,360,360
32.66830396652222,-0.540780034279792,1.2151365267478174,0.2617993877991417,0.01745329251994278,360,360,360,360,360,360,360
32.712682008743286,-0.5365708776720824,1.1980777333750183,0.2617993877991417,0.01745329251994278,360,360,360,360,360,360,360
32.74976086616516,-0.5365708776720824,1.1980777333750183,0.2617993877991417,0.01745329251994278,360,360,360,360,360,360,360
32.791101932525635,-0.5324054868342325,1.1812734108942096,0.2617993877991417,0.01745329251994278,360,360,360,360,360,360,360
32.82863998413086,-0.5302616437748768,1.172670276595551,0.2617993877991417,0.01745329251994278,360,360,360,360,360,360,360
32.86645197868347,-0.5281668212107793,1.1643038518944302,0.2617993877991417,0.01745329251994278,360,360,360,360,360,360,360
32.90749406814575,-0.526064117351129,1.155946480522953,0.2617993877991417,0.01745329251994278,360,360,360,360,360,360,360
32.96086406707764,-0.5217910538044737,1.1390033256052956,0.2617993877991417,0.01745329251994278,360,360,360,360,360,360,360
33.020710945129395,-0.5174949160421831,1.1220289618526145,0.2617993877991417,0.08726646259971389,360,360,360,360,360,360,360
33.060128927230835,-0.5153683574744874,1.113657639459374,0.2617993877991417,0.12217304763959944,360,360,360,360,360,360,360
33.10041403770447,-0.5132281230799134,1.1052812202260718,0.2617993877991417,0.12217304763959944,360,360,360,360,360,360,360
33.146458864212036,-0.5109996580455064,1.0966630961485115,0.2617993877991417,0.08726646259971389,360,360,360,360,360,360,360
33.18825888633728,-0.506570616989273,1.079956200319261,0.2617993877991417,0.05235987755982833,360,360,360,360,360,360,360
33.22865390777588,-0.5042684984417756,1.0714769178261148,0.2617993877991417,0.03490658503988556,360,360,360,360,360,360,360
33.27108597755432,-0.502016468923358,1.0632675363831654,0.2617993877991417,0.03490658503988556,360,360,360,360,360,360,360
33.32750201225281,-0.497364638861644,1.0464654523570451,0.2617993877991417,0.01745329251994278,360,360,360,360,360,360,360
33.37420105934143,-0.49505862130910117,1.0381761486148404,0.2617993877991417,0.01745329251994278,360,360,360,360,360,360,360
33.42087507247925,-0.49034713617968395,1.02131040516279,0.2617993877991417,0.01745329251994278,360,360,360,360,360,360,360
33.47305107116699,-0.48567864094076413,1.004657865012734,0.2617993877991417,0.01745329251994278,360,360,360,360,360,360,360
33.52095890045166,-0.483263890230314,0.9960671325253099,0.2617993877991417,0.03490658503988556,360,360,360,360,360,360,360
33.56298494338989,-0.4809142752763504,0.9877257195604039,0.2617993877991417,0.03490658503988556,360,360,360,360,360,360,360
33.602258920669556,-0.4809142752763504,0.9877257195604039,0.2617993877991417,0.03490658503988556,360,360,360,360,360,360,360
33.639638900756836,-0.4785625739712264,0.9793941049528709,0.2617993877991417,0.03490658503988556,360,360,360,360,360,360,360
33.67716407775879,-0.4737661775257269,0.9625746259014569,0.2617993877991417,0.03490658503988556,360,360,360,360,360,360,360
33.7186758518219,-0.46893222951661545,0.9458044832343737,0.2617993877991417,0.05235987755982833,360,360,360,360,360,360,360
33.76038098335266,-0.46653681375371403,0.9375450107530781,0.2617993877991417,0.13962634015954223,360,360,360,360,360,360,360
33.79982304573059,-0.4641236107335541,0.9292840534703268,0.2617993877991417,0.157079632679485,360,360,360,360,360,360,360
33.85961604118347,-0.4616093260634144,0.9207773189738777,0.2617993877991417,0.157079632679485,360,360,360,360,360,360,360
33.90940594673157,-0.4566061785208445,0.9042962714340428,0.2617993877991417,0.157079632679485,360,360,360,360,360,360,360
33.949337005615234,-0.4513446294556119,0.8875796716837003,0.2617993877991417,0.157079632679485,360,360,360,360,360,360,360
33.98758888244629,-0.44869110037287285,0.8793525873972001,0.2617993877991417,0.157079632679485,360,360,360,360,360,360,360
34.024600982666016,-0.44869110037287285,0.8793525873972001,0.2617993877991417,0.157079632679485,360,360,360,360,360,360,360
34.06316590309143,-0.44592064831561784,0.8708923038804177,0.2617993877991417,0.157079632679485,360,360,360,360,360,360,360
34.10379886627197,-0.44320394935984364,0.8627593270669389,0.2617993877991417,0.157079632679485,360,360,360,360,360,360,360
34.147132873535156,-0.43754414765715643,0.8463377935436189,0.2617993877991417,0.157079632679485,360,360,360,360,360,360,360
34.18538498878479,-0.43179029159201754,0.8301848017150921,0.2617993877991417,0.157079632679485,360,360,360,360,360,360,360
34.23001408576965,-0.42875416412616535,0.8218687520289092,0.2617993877991417,0.157079632679485,360,360,360,360,360,360,360
34.267730951309204,-0.4257605456801572,0.8138008022277656,0.2617993877991417,0.157079632679485,360,360,360,360,360,360,360
34.31047487258911,-0.42272108719396256,0.8057369757026263,0.2617993877991417,0.157079632679485,360,360,360,360,360,360,360
34.355090856552124,-0.4164145059271565,0.7893862867622952,0.2617993877991417,0.157079632679485,360,360,360,360,360,360,360
34.39467406272888,-0.4164145059271565,0.7893862867622952,0.2617993877991417,0.157079632679485,360,360,360,360,360,360,360
34.4299418926239,-0.40994595618207136,0.7731053601097342,0.2617993877991417,0.157079632679485,360,360,360,360,360,360,360
34.46884107589722,-0.40670457348986944,0.7651495297163882,0.2617993877991417,0.157079632679485,360,360,360,360,360,360,360
34.51115393638611,-0.4034440428105045,0.7572509857633394,0.2617993877991417,0.157079632679485,360,360,360,360,360,360,360
34.550941944122314,-0.4000326554144561,0.7491128682854531,0.2617993877991417,0.10471975511965666,360,360,360,360,360,360,360
34.58925795555115,-0.3932818049057997,0.7333422042225153,0.2617993877991417,0.05235987755982833,360,360,360,360,360,360,360
34.634454011917114,-0.38974144771290287,0.7252045989982485,0.2617993877991417,0.03490658503988556,360,360,360,360,360,360,360
34.67741799354553,-0.3862811284402644,0.7172893298971386,0.2617993877991417,0.01745329251994278,360,360,360,360,360,360,360
34.71720790863037,-0.3828075881544999,0.7093645786236826,0.2617993877991417,0.01745329251994278,360,360,360,360,360,360,360
34.759175062179565,-0.3792214288816112,0.7011965395262187,0.2617993877991417,0.0,360,360,360,360,360,360,360
34.803860902786255,-0.37573631142878117,0.6932734490141614,0.2617993877991417,0.0,360,360,360,360,360,360,360
