0,0.23180463781208008,0.19387910653427426,True,0.2439790318083459,0.12510971380487795,0.2560795843601227,0.349029541015625
1,0.16699193352985847,0.13295138801189926,True,0.14176330974813905,0.1235123664833101,0.16481560468673706,0.3303065299987793
2,0.10969556739094004,0.08902084773650001,True,0.02769354335297733,0.1228107882033386,0.0491233766078949,0.3188345432281494
3,0.08909094107976433,0.0898206653515597,False,0.040330285195401556,0.12045319657581964,0.07385092973709106,0.33006995916366577
4,0.08754931962041682,0.08496676896350888,True,0.01654178595827694,0.11901710965836187,0.027254819869995117,0.3286316394805908
5,0.08334967868622067,0.08343655060050587,True,0.013083221559372311,0.11726954025587545,0.025174826383590698,0.3044624328613281
6,0.08258448229349771,0.08070494560189645,True,0.009296273486195156,0.11375480632967987,0.02176421880722046,0.30793437361717224
7,0.07988471602345276,0.07822026563810025,True,0.007482213057344395,0.11036682023425888,0.016310125589370728,0.29450345039367676
8,0.07694813057847162,0.07514455659379443,True,0.006594483319681992,0.10606565049976627,0.01596812903881073,0.2777029573917389
9,0.07356038542938684,0.0715954350390172,True,0.0063425298999008,0.10105239091899824,0.015261024236679077,0.2617132067680359
10,0.0692288055673801,0.0677067507351027,True,0.006125832725437936,0.0955556524762012,0.014954417943954468,0.24572274088859558
11,0.06565845408818483,0.06310462556757979,True,0.006048386670335258,0.08903821968366325,0.014558807015419006,0.22489142417907715
12,0.06055834403635363,0.058240269322984345,True,0.006270578355510706,0.0821251369765004,0.013997375965118408,0.18883979320526123
13,0.055313512340268794,0.05272625048182337,True,0.006270743700751881,0.07430203683613622,0.014182209968566895,0.16750529408454895
14,0.05165344256783023,0.04954841227188198,True,0.006020327943330688,0.06981293380349807,0.013289928436279297,0.16352757811546326
15,0.04909131643478696,0.047700180263011226,True,0.005724802836545319,0.06721488788093612,0.01327449083328247,0.16564184427261353
16,0.04617819926840905,0.048866158613579215,False,0.005331585673562865,0.06890121477966415,0.012600868940353394,0.18776915967464447
17,0.04558729671488384,0.04483219365281664,True,0.004904619585261421,0.06321230191461934,0.01244451105594635,0.18387576937675476
18,0.04353836447162227,0.041566085986390826,True,0.004671544735917641,0.05859740563750944,0.012793421745300293,0.1722608059644699
19,0.042380489338432366,0.04015626075821174,True,0.004439936591789764,0.056615697922273354,0.012261182069778442,0.1691163182258606
20,0.04163119616613429,0.039921238291341817,True,0.004419052374536905,0.056283940345376836,0.012573152780532837,0.15939636528491974
21,0.04079560945862721,0.03828567922036673,True,0.004320367943478824,0.05397147940577819,0.012193664908409119,0.16777434945106506
22,0.04015257492021151,0.038793483897034464,False,0.004322729397129414,0.054691706223173,0.012226611375808716,0.15840789675712585
23,0.04020611338063819,0.03798381857658651,True,0.004221568672428522,0.05355109213611888,0.012020230293273926,0.15968777239322662
24,0.03916585161133141,0.03803224324353227,False,0.004246812993842682,0.05361779257086331,0.012073412537574768,0.1535196751356125
25,0.039073014678179196,0.03816795280812004,False,0.004174546259090716,0.053815967287688435,0.011822640895843506,0.15025335550308228
26,0.040285991581082946,0.038147717277888814,False,0.004171775963381785,0.05378747746115982,0.011374056339263916,0.14848707616329193
27,0.04113054942690297,0.03523054264553041,True,0.003965950857654763,0.04966541526731908,0.01020553708076477,0.17334838211536407
28,0.03978745019969941,0.035018863276238224,True,0.003993359491683539,0.04936288777102713,0.010966330766677856,0.17447419464588165
29,0.037991932532621134,0.03530765202849001,False,0.003921650105959352,0.0497783220228885,0.010115176439285278,0.17811612784862518
30,0.037809510573618026,0.036129270414340865,False,0.0037974385215597045,0.050953191878426875,0.009369820356369019,0.18417350947856903
31,0.03822876222879341,0.03412247478839693,True,0.0038812810685699838,0.04810012919655376,0.009986728429794312,0.17266137897968292
32,0.037389501055010196,0.03442447517454251,False,0.003770254487357867,0.048537348564059724,0.009399861097335815,0.17398983240127563
33,0.036410153608835275,0.03287339695050216,True,0.003797055777830856,0.0463346825237141,0.01030692458152771,0.15507666766643524
34,0.03589584941543761,0.0328759418829006,False,0.00375251700863514,0.04634192127294636,0.0099964439868927,0.14894424378871918
35,0.03643078973141276,0.033285409515581885,False,0.003681188461483927,0.04692851925363153,0.009353339672088623,0.14152230322360992
36,0.03689022062794219,0.03343835999854995,False,0.0036896558702292637,0.04714482189011652,0.009716808795928955,0.13723401725292206
37,0.03538475804500504,0.03157455198695826,True,0.0036460705711708324,0.04450405389067122,0.009830713272094727,0.14729340374469757
38,0.035565714225309825,0.03121882860898064,True,0.003551342985649364,0.04400702840602139,0.008682042360305786,0.15319031476974487
39,0.03489155854481515,0.030959691947170603,True,0.0035164095137939838,0.04364218006818897,0.008530497550964355,0.1527300924062729
40,0.03420712763365712,0.03148468871311366,False,0.0035704296176410923,0.04438269148352764,0.009480655193328857,0.13305075466632843
41,0.03412141548580507,0.030245211476267318,True,0.003504201062725391,0.04262940289426455,0.008387088775634766,0.1389976590871811
42,0.034018879187297964,0.029786796472548605,True,0.003508076854205726,0.04197856586036616,0.009091019630432129,0.13936710357666016
43,0.03418507690698112,0.032899092192602425,False,0.003436169423536992,0.046399278780745117,0.007663339376449585,0.16076453030109406
44,0.03418836797798749,0.029224697583356975,True,0.0034335355267309632,0.04118709258549507,0.008313536643981934,0.13467778265476227
45,0.033461459027583094,0.031109566352015606,False,0.003510280713595722,0.043855310039686686,0.009053558111190796,0.12771373987197876
46,0.03399442095052239,0.028545839543121048,True,0.003338220849298121,0.04023165438999788,0.00750240683555603,0.13301724195480347
47,0.03350430251334927,0.029064076077117793,False,0.0033114745534441243,0.04096919792695693,0.007523328065872192,0.13983331620693207
48,0.033866193970183436,0.029514939645531507,False,0.003279960547250689,0.04161136031252155,0.007142066955566406,0.14266107976436615
49,0.03428460670585952,0.027671770843059974,True,0.003280349467255648,0.03899606578789855,0.008011460304260254,0.12657895684242249
50,0.03324108305903828,0.02830808611286966,False,0.003295822459098664,0.039897783812120315,0.008157104253768921,0.11805621534585953
51,0.03232572876924705,0.027493536351650652,True,0.0032678537942593005,0.038744163781886845,0.00773012638092041,0.11371544748544693
52,0.03142044803961658,0.026776224319780103,True,0.003231071478091892,0.0377291983323971,0.007861047983169556,0.12068355083465576
53,0.03125259498679076,0.026574083974248736,True,0.0032147560102103417,0.03744368173632499,0.007603317499160767,0.11116066575050354
54,0.03061281105010126,0.027301513033016304,False,0.00319728982737987,0.03847755924618467,0.007444471120834351,0.1253567487001419
55,0.030666979782262967,0.025741328411788673,True,0.0031944631512745895,0.03626330756228747,0.007641643285751343,0.11412741243839264
56,0.030969098883309017,0.025829459881850245,False,0.003181769297056498,0.03638953646269383,0.008081257343292236,0.11252310127019882
57,0.0316226240088586,0.025247050240020195,True,0.0031407293196412823,0.03556631817598172,0.007731765508651733,0.1050085797905922
58,0.030916553258968,0.025094198602270638,True,0.00313840940378737,0.03534951335806052,0.007639497518539429,0.10268468409776688
59,0.029935081840356995,0.024519092817166268,True,0.003157658722127939,0.034531159958211384,0.007176488637924194,0.10472333431243896
60,0.029498707181352498,0.02418489746826466,True,0.0030920982424569123,0.03406255269265255,0.00717693567276001,0.10244161635637283
61,0.02882741489851929,0.024154937800413397,True,0.003084324479802527,0.0340207149520005,0.007100522518157959,0.0983932763338089
62,0.02867406271657922,0.02368460633365031,True,0.00306785352241863,0.03335430401720271,0.007141411304473877,0.10133419185876846
63,0.02918187458773556,0.023215485776667016,True,0.003103593148774845,0.032684632485999704,0.0075886547565460205,0.10066953301429749
64,0.028234281574838607,0.023161411869507004,True,0.0030959947445382925,0.03260854037288624,0.007308214902877808,0.10275117307901382
65,0.028538134386390523,0.02398103542407109,False,0.0030509150851475955,0.03377679816322626,0.007288813591003418,0.10541249811649323
66,0.027913177334120923,0.026082896337616457,False,0.0030570308508702324,0.036759889160908575,0.00705951452255249,0.10671703517436981
67,0.0278624794056264,0.022323326792215176,True,0.0030350127368605723,0.03142372411092295,0.0073597729206085205,0.0972178652882576
68,0.027612738588716212,0.022572973960621263,False,0.00304336725564699,0.03177760451369472,0.007830798625946045,0.10341418534517288
69,0.02698271157760661,0.02159317959953574,True,0.0030527538422547335,0.03038439745499222,0.007744580507278442,0.09456943720579147
70,0.02665313715367701,0.021393881575205533,True,0.003078467783866573,0.030098494221621443,0.0076008141040802,0.09027592837810516
71,0.02680460240773257,0.02137214343248978,True,0.003038410762281613,0.030071664143111503,0.007634907960891724,0.08916528522968292
72,0.026335453978178183,0.020724103041481028,True,0.003024505486765264,0.029151831643990125,0.0075751543045043945,0.09160573035478592
73,0.02658476004686403,0.023127537737927334,False,0.003074659997483802,0.032562439383812175,0.008095771074295044,0.1038285344839096
74,0.026991283342577388,0.02048762686653833,True,0.0029983330419453913,0.028818322817999967,0.008110523223876953,0.08996991068124771
75,0.02582050288567571,0.02042618658923623,True,0.0029873661868770863,0.028732105321322175,0.007977902889251709,0.08461686223745346
76,0.026114139368302564,0.022623033536674185,False,0.0030610164622975667,0.03184703265942381,0.007581979036331177,0.09331883490085602
77,0.02587692961874491,0.021236507044880216,False,0.003047901240010629,0.02987789869943271,0.00803452730178833,0.09725560992956161
78,0.025891592960495636,0.020989380916659882,False,0.003034203426796978,0.029527984456250555,0.008402705192565918,0.08371926844120026
79,0.02580636130900455,0.024024419454339294,False,0.0030478925863890983,0.03383867355549182,0.007886618375778198,0.10904224216938019
80,0.02597949020893436,0.01961105255915042,True,0.0029749617193634893,0.027574198202829938,0.008194565773010254,0.08146748691797256
81,0.02606732055492699,0.019350096907922838,True,0.0029995335976015242,0.027200281317286187,0.008600413799285889,0.08266396820545197
82,0.02649793918720387,0.019636841296166524,False,0.0029701450280799333,0.02761139894906197,0.008195757865905762,0.0787949338555336
83,0.024799960672058797,0.019937653113654683,False,0.0029466610447437423,0.028041705108418313,0.007892012596130371,0.08110878616571426
84,0.02478971948150494,0.018817803272872188,True,0.0029812208951759413,0.026444882845334805,0.008444935083389282,0.0887310653924942
85,0.02510191776481146,0.019086934752675498,False,0.002944128181459292,0.02683196339617402,0.007908225059509277,0.0759410709142685
86,0.024561807635381405,0.020020255215277886,False,0.002968791465786015,0.028156837737296075,0.00858333706855774,0.07821638137102127
87,0.025811688032575338,0.01830621032225404,True,0.002924358074473171,0.025723197328365085,0.008403182029724121,0.0814468190073967
88,0.026364064099543633,0.020648534044474726,False,0.0029177802472542926,0.029055301435309086,0.008277744054794312,0.09864187985658646
89,0.02566051098593881,0.021023618598641377,False,0.002913856013186189,0.029588756656716217,0.008792072534561157,0.07870078831911087
90,0.02565883442757351,0.021965196897469733,False,0.0029184016224310513,0.03092608489502276,0.008339911699295044,0.09690389037132263
91,0.024593363899344908,0.01936143524934037,False,0.0029108547137831585,0.02722604143582715,0.008434027433395386,0.07595346868038177
92,0.024195836512270884,0.019475966932249737,False,0.002923797586843392,0.02738754987890593,0.008617162704467773,0.09387694299221039
93,0.024624414238522453,0.01782933513005496,True,0.0029132853881746,0.025045620066525085,0.007971227169036865,0.08426767587661743
94,0.023942199924307916,0.018765662815477806,False,0.002885979523738265,0.026381269568078538,0.008268207311630249,0.07517588138580322
95,0.023621039177118858,0.018444006182415054,False,0.0029110898745048565,0.025920807008201548,0.008895337581634521,0.09049713611602783
96,0.023928823232772727,0.0181243050341995,False,0.0029024438191387132,0.02546677571281745,0.007774949073791504,0.07382076978683472
97,0.023206108851620867,0.017584126935720854,True,0.0028398813492956716,0.024705021698589444,0.008322924375534058,0.08196856081485748
98,0.023265031353147645,0.017326908727028086,True,0.0028671139411794865,0.024335636695280456,0.00847277045249939,0.07950883358716965
99,0.022829561721860882,0.01878768313923381,False,0.002902421884219844,0.0264107938154547,0.007689535617828369,0.0754290372133255
100,0.02342414934208823,0.019187923706944204,False,0.0029096155883155035,0.026979380180859214,0.008799314498901367,0.09376488626003265
101,0.023675811225562577,0.017246069285302326,True,0.0028369505438644808,0.024224069739160536,0.008379101753234863,0.08097921311855316
102,0.023726527414150784,0.02025028537276405,False,0.0028069414789017983,0.02850033691003899,0.008627653121948242,0.09528768807649612
103,0.02477413504759266,0.02092715152042161,False,0.002845205558142014,0.029458379630902684,0.008673518896102905,0.08142004907131195
104,0.023039826244023096,0.01807323103520461,False,0.0027941072308361545,0.025406224398386978,0.008492588996887207,0.08876468241214752
105,0.023197754354711646,0.01724122023476424,True,0.0028337087138749703,0.024217545026879853,0.008547484874725342,0.08317241072654724
106,0.02350475446197321,0.018674025408428812,False,0.002803463493665965,0.026259836608442742,0.008206963539123535,0.0780905932188034
107,0.02333052150979203,0.018411928949968955,False,0.0028132807192132224,0.025885973870953434,0.008132606744766235,0.09058031439781189
108,0.022642448380220823,0.016820239318994686,True,0.002775299096427066,0.023624956977075933,0.008626878261566162,0.07697530835866928
109,0.022921475187195926,0.018723285497271612,False,0.0027687668016526945,0.02633356670604934,0.008044689893722534,0.07879902422428131
110,0.023708620818729636,0.017596921319747594,False,0.0027689171336013497,0.024731283824377105,0.008452624082565308,0.08950488269329071
111,0.022530541172729315,0.017249205617434468,False,0.0027816206423576465,0.02423494916262793,0.008353352546691895,0.08149103820323944
112,0.022520145153646684,0.016830097908519557,False,0.0027874149798709684,0.023637570015267163,0.00849604606628418,0.07330290228128433
113,0.023202735148694083,0.016747593247968273,True,0.0027523680732602605,0.02352420676168801,0.00808703899383545,0.07438980042934418
114,0.02289408602779856,0.018616229191126637,False,0.0027782125522309176,0.026180326345092726,0.00847199559211731,0.08816862851381302
115,0.022441390631877722,0.017517152978869716,False,0.0027386919577613708,0.02462114564770226,0.007845938205718994,0.07235873490571976
116,0.022846264134016782,0.017239330654306974,False,0.0027610801251597233,0.024223243132516437,0.007867783308029175,0.08322600275278091
117,0.02229977522928711,0.01628241017043481,True,0.002786790071982689,0.022857549723935007,0.008410871028900146,0.0787123292684555
118,0.02259681184600025,0.016779857292891626,False,0.002782419522962458,0.023566615578132593,0.0071946680545806885,0.07197445631027222
119,0.023226073201811578,0.018942615392425644,False,0.002771481264593504,0.02664515477298979,0.00881609320640564,0.09215681999921799
120,0.021846745493279928,0.016706221512979697,False,0.002721833391505174,0.023468858383851637,0.00783848762512207,0.07980744540691376
121,0.021887260350862824,0.016080423048454525,True,0.0027081209546838216,0.02257932770445069,0.0075525641441345215,0.07829684019088745
122,0.02194194277341974,0.016015419096127095,True,0.0027105986545383634,0.022486438994149656,0.007088005542755127,0.07500560581684113
123,0.022068172277053374,0.01604398362474826,False,0.002720073199918246,0.022525985139801603,0.00803402066230774,0.07821070402860641
124,0.02252854423719614,0.01613735798816483,False,0.002689861810211945,0.022662596457696575,0.0076722800731658936,0.07548364996910095
125,0.02219359830439604,0.016697649947124662,False,0.002685871520071365,0.023460798802697823,0.007708489894866943,0.08377867937088013
126,0.02317341707780066,0.016440611171636536,False,0.0027145623132254866,0.0230915243227417,0.007893025875091553,0.08199968189001083
127,0.022508986854416865,0.01605441739925597,False,0.002675581181923157,0.022546172816554962,0.0069966912269592285,0.07369765639305115
128,0.021979103609657068,0.018377487948464027,False,0.002676289716685753,0.025851529113403663,0.007800370454788208,0.08829788863658905
129,0.02254938251314435,0.01752047721994501,False,0.002677077562891096,0.024632651558287862,0.0071527957916259766,0.07548105716705322
130,0.021599921543441678,0.019387044620510177,False,0.0027348467451482872,0.027280682254092962,0.008439779281616211,0.09171667695045471
131,0.0220899548385412,0.018992662208832698,False,0.0026649471639346644,0.026727148745133367,0.0064375996589660645,0.08099900186061859
132,0.021469096606667275,0.015833384628210195,True,0.002640279222911073,0.02223558120858025,0.006989270448684692,0.07704662531614304
133,0.021323691883093538,0.015896831097586592,False,0.00264270076387983,0.022325649068250457,0.006506770849227905,0.07180759310722351
134,0.02156101242938998,0.016563568981367065,False,0.0027311530806105365,0.023264660742642933,0.00785738229751587,0.08094668388366699
135,0.021888193995837982,0.015640621646300538,True,0.002630526743268598,0.0219622039659312,0.0065947771072387695,0.07317721098661423
136,0.02124332537028872,0.015713256193926335,False,0.002597900796047834,0.022069520605559754,0.007216960191726685,0.07572530955076218
137,0.021175843439980725,0.015588668466067799,True,0.0027022685562912304,0.021879463010161762,0.0076195597648620605,0.07520036399364471
138,0.02133803529561076,0.015567064288321253,True,0.002593079223287052,0.021861907221126867,0.0066027045249938965,0.07716259360313416
139,0.02094542474918837,0.015810843516569747,False,0.002607445225442908,0.022207358559740875,0.006436049938201904,0.07513099163770676
140,0.020406163695268934,0.015440865433368362,True,0.002688584091314624,0.02167053648839351,0.006649106740951538,0.0719439834356308
141,0.021532361087141887,0.01992663680306804,False,0.0025810595906595704,0.028062070539539984,0.007148444652557373,0.09034446626901627
142,0.02254214247452088,0.015635220095930866,False,0.002678134267315469,0.021948754591400763,0.007673472166061401,0.07514387369155884
143,0.020840870333699944,0.015726816967511315,False,0.0025632734965699987,0.022092874459888615,0.006413310766220093,0.07755304127931595
144,0.021153369358206366,0.01740931041009593,False,0.0025681899841942316,0.024486171408405796,0.0061161816120147705,0.07694447040557861
145,0.021745766408179955,0.017245226608197956,False,0.0026022078630716324,0.024249210896887034,0.007296144962310791,0.08414293825626373
146,0.021249294456737594,0.01853756784066339,False,0.0025315945322626136,0.026093558426875198,0.005867511034011841,0.08029086887836456
147,0.02151454710904144,0.01826092884918915,False,0.002529201463769376,0.025700703845543533,0.006922781467437744,0.08883807063102722
148,0.0213004455339769,0.015370049790570044,True,0.0025330437220911265,0.021588437429946452,0.006319493055343628,0.07419135421514511
149,0.020211741004845598,0.015689589695126547,False,0.00256966631700078,0.022039130993272038,0.00655364990234375,0.08180191367864609
150,0.020679354655478988,0.015095755308132371,True,0.002540165443080056,0.021196962542270853,0.006372630596160889,0.07288511842489243
151,0.021261275617825866,0.017365592470882846,False,0.002571651950710059,0.02442364027979873,0.006833761930465698,0.08683030307292938
152,0.020681971794447696,0.015195658742348019,False,0.0025146240409497844,0.021342276312336553,0.0062032341957092285,0.07418766617774963
153,0.02067010887852797,0.017480371450973885,False,0.002497951159019509,0.024594449570649657,0.0059569478034973145,0.07872560620307922
154,0.02144903163561899,0.017296737066404985,False,0.002525877076891034,0.02433051915159612,0.00612795352935791,0.08819125592708588
155,0.021144359653846014,0.015429762143948433,False,0.0025204852623523814,0.021674921432619558,0.006210952997207642,0.06777212023735046
156,0.02095724890183843,0.015351521678600119,False,0.0025159831164299875,0.021564051422856792,0.0063707828521728516,0.07669385522603989
157,0.02019751641459722,0.016374653664458984,False,0.0025276412880312293,0.023018896906452386,0.006324976682662964,0.08301671594381332
158,0.020999153303264087,0.016481384121646625,False,0.0025299918555939955,0.023170479983923797,0.006459832191467285,0.08351670205593109
159,0.02048243272658821,0.01573610786702701,False,0.0024818964425601764,0.022115386871739258,0.006275743246078491,0.06915707886219025
160,0.020385533089709713,0.01550280453288505,False,0.0024880742111249633,0.021782639776120192,0.006074041128158569,0.07988783717155457
161,0.02090540460583731,0.015376808248595133,False,0.0024953557461164623,0.021602447053620154,0.005808055400848389,0.07237781584262848
162,0.02031378255271144,0.01511873694832333,False,0.002473878602666671,0.021237522076302365,0.006310552358627319,0.07693962007761002
163,0.020166452900093747,0.015003747652990547,True,0.002567525298441071,0.021062589481002852,0.006629824638366699,0.07703057676553726
164,0.019993882809814588,0.014713550598569427,True,0.002469611165337466,0.020661029590095754,0.006504654884338379,0.0710369274020195
165,0.02074881050859668,0.01480315019490175,False,0.0024461392380880033,0.02079141455178469,0.006149321794509888,0.07061386108398438
166,0.020064053045762836,0.014846536464745149,False,0.0024419358046724126,0.02085368706927855,0.00611230731010437,0.07005763798952103
167,0.01967542692673345,0.015158003152844615,False,0.0025908138610586614,0.021279516106629162,0.006500273942947388,0.07067333161830902
168,0.02121955630680723,0.016408050765634993,False,0.002494194137012383,0.023070051102837254,0.006633758544921875,0.08286513388156891
169,0.019898856970512756,0.015187125721880003,False,0.002539646820963884,0.021327160582320693,0.006601840257644653,0.07667757570743561
170,0.019704311507731612,0.01809829826775119,False,0.0024212721006844334,0.02548007461488254,0.005936264991760254,0.08053740859031677
171,0.02058351695009546,0.015574196961345155,False,0.0024812791392964002,0.021885028701635417,0.0065412819385528564,0.08151406794786453
172,0.021215477537384824,0.01638298030670917,False,0.002410948778763283,0.02304325048318938,0.00649455189704895,0.08374129980802536
173,0.01946756360041997,0.014610934596062608,True,0.002509842396502336,0.020509984643130797,0.006706565618515015,0.06851541996002197
174,0.0192537678860746,0.014478863585310841,True,0.0024185717162590677,0.020332867470510645,0.006144016981124878,0.07249826937913895
175,0.019140394028268642,0.014541247037024403,False,0.0024094818936192036,0.02042278571337043,0.006441473960876465,0.07066494226455688
176,0.019190414951163044,0.014520376770767784,False,0.0024041906953735036,0.0203936898277674,0.005984663963317871,0.07153534889221191
177,0.019581536517336705,0.01577672089015228,False,0.0024304685109999237,0.02217887954409312,0.0064064860343933105,0.07162372767925262
178,0.019650233500656727,0.01580377652019656,False,0.002410039722082859,0.022219594842136994,0.006153881549835205,0.0791601613163948
179,0.019717430425474518,0.015165189404077805,False,0.0023982638206698293,0.02131230269873979,0.006200730800628662,0.07025866210460663
180,0.019526935981271937,0.014711584965742758,False,0.002382195468472625,0.02066849400236151,0.005956292152404785,0.07760550826787949
181,0.01900521322064636,0.016538407540645936,False,0.002364694266137287,0.023268992930562515,0.005837827920913696,0.07361236214637756
182,0.020382644157862832,0.015598720813151843,False,0.0023819237468663823,0.02193095170071217,0.00654524564743042,0.08033153414726257
183,0.02084677423887173,0.021693863722980652,False,0.0024070725891866995,0.03058518360080883,0.0072386860847473145,0.09533296525478363
184,0.02249827678156151,0.021508180188940042,False,0.0024495545151539595,0.03031836657147317,0.006836831569671631,0.08633451163768768
185,0.02155710211912085,0.016001939814410823,False,0.002393817519776834,0.02250319458769245,0.006770461797714233,0.07942956686019897
186,0.020192755805643888,0.0143031825138182,True,0.002467057703296156,0.02007674458164323,0.006126850843429565,0.07059217989444733
187,0.01962289126764454,0.014577318108294162,False,0.00253262347657391,0.020459282310701807,0.007064461708068848,0.06676609814167023
188,0.019802964559082866,0.014654290831205875,False,0.002375614781848706,0.020587689893958906,0.0062438249588012695,0.070146843791008
189,0.020544201492022986,0.014859872352721756,False,0.002355537851832297,0.02088260102596067,0.006172239780426025,0.07658218592405319
190,0.019461264299589595,0.0177729105041611,False,0.002396103382899047,0.02502021831911103,0.006581485271453857,0.07881934940814972
191,0.019478034000988964,0.01565031581171123,False,0.0023454249232694358,0.02200826567463238,0.006445586681365967,0.08053261786699295
192,0.019007576551748583,0.0143940681842836,False,0.002397002800671426,0.020214666912515517,0.0063658058643341064,0.06825180351734161
193,0.01884230198986017,0.016343101002016906,False,0.0023687798254188298,0.02299092777211064,0.0071449875831604,0.08060275763273239
194,0.01993989492681851,0.014266547538565735,True,0.0023363448109542753,0.020040215490991692,0.006018906831741333,0.06673474609851837
195,0.01869381163884479,0.014641073813254553,False,0.0023455558579539384,0.020572322472711353,0.00616765022277832,0.07644814997911453
196,0.019203119233245088,0.014998450497227101,False,0.002337822314058199,0.02108178284933257,0.0059278905391693115,0.07195425033569336
197,0.01993022972941521,0.014836734287054365,False,0.0023176278184355147,0.020853919671376276,0.00618743896484375,0.07023046910762787
198,0.01908237379328443,0.014845598099503551,False,0.0023647724697063955,0.020861241589598185,0.006124347448348999,0.07762841135263443
199,0.018711424233602645,0.014370694541501727,False,0.0024083406729617104,0.02018002976796662,0.007173746824264526,0.07417742162942886
200,0.019129401776178157,0.014947947252610004,False,0.0023193547599430265,0.021011969382531193,0.005848437547683716,0.0714111179113388
201,0.020209375809328273,0.013984191103477327,True,0.0023140622506733414,0.019640782307834725,0.006034195423126221,0.07086564600467682
202,0.018581636256510853,0.014008044842142192,False,0.0023341565458521087,0.01967237666214818,0.006431519985198975,0.0688699409365654
203,0.019463942165621008,0.015105284075400993,False,0.0022937652322804654,0.021238592785944112,0.006673723459243774,0.07858356088399887
204,0.019128195838262047,0.015058235156147336,False,0.0023107941298842498,0.02116981613640038,0.005984216928482056,0.07281365990638733
205,0.01942055954094059,0.013962222789239772,True,0.0023171144699056898,0.019609139027511872,0.006793677806854248,0.0705992579460144
206,0.019013780311202017,0.013946371821854747,True,0.0023124733420045824,0.019587113043366567,0.006396591663360596,0.07280240952968597
207,0.019017697481937525,0.015256379890987767,False,0.0023103032768278034,0.021451730202149865,0.00716283917427063,0.07790115475654602
208,0.019015050960653153,0.014025381116496857,False,0.002292084218288331,0.01970200402680785,0.006167739629745483,0.07454193383455276
209,0.018095045329951827,0.015117905317969233,False,0.002287221987645149,0.02125725210579269,0.006616503000259399,0.07756738364696503
210,0.018361051306545365,0.014009152878931936,False,0.0022816184499697403,0.019680114512223356,0.005956709384918213,0.0729161724448204
211,0.018178438795327323,0.014849562876645824,False,0.002334257721730693,0.020870320882224607,0.006284356117248535,0.07072943449020386
212,0.018713900273487263,0.0140235978151011,False,0.0022857804800918606,0.0197001988038374,0.005897045135498047,0.06859986484050751
213,0.018812874568066178,0.013875078476900114,True,0.0022688574084444627,0.01949071253621877,0.006635308265686035,0.07327517122030258
214,0.018640547335612514,0.016357579633796564,False,0.0022727288204772685,0.023021197899604308,0.0058071911334991455,0.07714907824993134
215,0.020634143304326717,0.0184806215479771,False,0.0023534144528032925,0.02602937129951226,0.0077887773513793945,0.08815550804138184
216,0.02010479122067629,0.014505347101984836,False,0.002316026302603124,0.020382498294606134,0.006521254777908325,0.06999719142913818
217,0.01926066973824359,0.014108750879052182,False,0.0022707400023782957,0.019823154019982612,0.005982816219329834,0.06676498055458069
218,0.018519672567676226,0.013982852137173353,False,0.002350889788679569,0.01963450140942729,0.006383955478668213,0.07352785766124725
219,0.019490797993892525,0.013877553378748526,False,0.0022989169498527735,0.019490715522649173,0.0066159069538116455,0.07074695080518723
220,0.01860150712044161,0.014035043524959998,False,0.0022544411027038847,0.019720100298033685,0.006607264280319214,0.07568532228469849
221,0.01851103063714341,0.014007039222890195,False,0.002229927530087361,0.01968303057767136,0.006347090005874634,0.06835378706455231
222,0.019735643231722725,0.014794782914871938,False,0.0022742920427436873,0.02079900941481079,0.006109416484832764,0.0686737447977066
223,0.019310585005848882,0.01352041582802043,True,0.0022456391699923195,0.018988427281087926,0.005848914384841919,0.06914623826742172
224,0.0182280968083145,0.013693267683938169,False,0.002229737391984663,0.019236407454969354,0.0067588090896606445,0.07050133496522903
225,0.017734000508404683,0.013591269035137887,False,0.002203729567895865,0.01909420769763847,0.00632709264755249,0.06666584312915802
226,0.017734567068514808,0.013596474403746445,False,0.002220138309966498,0.019099717476897714,0.006272852420806885,0.0711500346660614
227,0.01845067908188104,0.015735548077013592,False,0.0022207697743600904,0.022142337028169107,0.005885779857635498,0.07392211258411407
228,0.018660342989679606,0.014247536984567632,False,0.0022224587588210933,0.02002611478466448,0.006297379732131958,0.074835404753685
229,0.01772961486220546,0.015156750601107683,False,0.002232159777491395,0.021318341384929034,0.005498409271240234,0.07667987048625946
230,0.018365752311269072,0.016263458235508604,False,0.0022166199842664665,0.022892940450786083,0.0067664384841918945,0.081078439950943
231,0.019330822995154668,0.014291274093209846,False,0.002245995343491213,0.020085729304386662,0.0060472190380096436,0.07210816442966461
232,0.020104141791551164,0.013505446364955254,True,0.0022222418568366305,0.018969865215028817,0.005812257528305054,0.06760910153388977
233,0.017640698355446658,0.016611525173539775,False,0.002220134008566186,0.023387102241646918,0.007093250751495361,0.08173948526382446
234,0.01865838683087781,0.013392386727998076,True,0.0022626903440345182,0.018804049901978717,0.006623297929763794,0.06735803186893463
235,0.018912170896261217,0.01745124119191776,False,0.002213179557092434,0.0245803478904635,0.005589544773101807,0.0802457332611084
236,0.020142996679686727,0.016598189235630757,False,0.002326368036374874,0.023357820504326006,0.00783655047416687,0.07882243394851685
237,0.019870969050523282,0.013623174999459479,False,0.0022739943626230064,0.01913140721305061,0.006028234958648682,0.06964953243732452
238,0.018614485364013562,0.013618308955940314,False,0.0021967326368836004,0.019133505421603178,0.005658388137817383,0.06826017796993256
239,0.018001550022797987,0.01448856974055086,False,0.0022013271288176743,0.02037134061574166,0.005886942148208618,0.07666859030723572
240,0.018253471233503894,0.014503681677095016,False,0.0021964507391085877,0.02039336064075919,0.006125688552856445,0.07524684071540833
241,0.01968804566386387,0.014828058835640034,False,0.0021988941461412136,0.020854436969140636,0.005724430084228516,0.07355433702468872
242,0.01769906098553371,0.013634480130271695,False,0.002196844971864819,0.019156511803007942,0.006266534328460693,0.07208395004272461
243,0.017690386697893537,0.013698756522112688,False,0.002227479035371656,0.019244485950214045,0.006326347589492798,0.06862063705921173
244,0.017575830326121828,0.013792835461013817,False,0.002232449252328405,0.01937784308357292,0.006782114505767822,0.07122165709733963
245,0.01802268259133052,0.01613875744854777,False,0.002181145038234723,0.02271918914539717,0.005616277456283569,0.07654502987861633
246,0.018330076513200053,0.013521546604849555,False,0.0022080291513210536,0.018994448870958244,0.0059015750885009766,0.06881122291088104
247,0.01790093443642141,0.013245076437097136,True,0.0021501659236310543,0.018607549488672024,0.006065428256988525,0.0682990700006485
248,0.018027138017773937,0.013501082564220062,False,0.002168653508288687,0.01896985600974332,0.006501615047454834,0.06550951302051544
249,0.01783876489431428,0.01608826098749616,False,0.0021779634508201956,0.022647752826386546,0.005998343229293823,0.07746545970439911
250,0.018145973871231166,0.013612268854686069,False,0.0021451572681597604,0.019130761174041937,0.0052862465381622314,0.07163017988204956
251,0.017843772123868583,0.013584722741785816,False,0.002147317608812894,0.019091318568411442,0.006639659404754639,0.06945011019706726
252,0.01760506094495257,0.01376906192940163,False,0.002242034569099696,0.019342891088206783,0.006259948015213013,0.0700678676366806
253,0.020217711692827097,0.018017196005100596,False,0.00228581337229435,0.025377426017982777,0.005893826484680176,0.08320604264736176
254,0.019688425001601367,0.015829098139886123,False,0.002164468929393186,0.022280839168397838,0.006643086671829224,0.08080563694238663
255,0.019271400316757538,0.016935848486912153,False,0.0021825724509998497,0.02385125425191415,0.005593091249465942,0.0777842253446579
256,0.01884057290840606,0.013799459486149033,False,0.0022712762459050047,0.019382760723346732,0.005884915590286255,0.07321487367153168
257,0.019391328033088448,0.01558418269723853,False,0.002166269897705729,0.021932642318219977,0.006076604127883911,0.07900044322013855
258,0.01839340535977444,0.018650544539150174,False,0.0021730714634908173,0.02628618324727414,0.005456745624542236,0.08401399850845337
259,0.019420031101068762,0.014078874348791513,False,0.002131178607336776,0.01979614863760496,0.0065479576587677,0.07457120716571808
260,0.01714031605354825,0.013342869505282465,False,0.0021232001800595844,0.018749835838155537,0.005705386400222778,0.06581993401050568
261,0.017404312349143664,0.013053665887446645,True,0.002128917589092716,0.01833750541629941,0.005788445472717285,0.06847936660051346
262,0.017070055079017432,0.013657502016006707,False,0.0021051409538969117,0.01919955993697151,0.0057363808155059814,0.06787414848804474
263,0.01720095554590977,0.013435312502443874,False,0.0021878319793327823,0.01887402008301884,0.006033390760421753,0.06860382854938507
264,0.018043596854094495,0.013386378034963025,False,0.0022050351238066743,0.01880234008450411,0.0071173906326293945,0.06721919775009155
265,0.017861603232873478,0.013899328868226701,False,0.002104698935623376,0.01954361603588999,0.006265074014663696,0.07215002179145813
266,0.01737178326480296,0.013482547636880978,False,0.0022045335808899137,0.0189393292151866,0.0059423744678497314,0.06832370162010193
267,0.017222174059379255,0.013564777407009477,False,0.0021415326756364142,0.01906358283744316,0.006088823080062866,0.07212302088737488
268,0.017756131373229633,0.01314997876273649,False,0.0022451685725757373,0.01846085316245528,0.006042778491973877,0.06534720212221146
269,0.017940993025087094,0.014278170153587929,False,0.002172629102447879,0.02007515765841938,0.006111860275268555,0.0705399364233017
270,0.018753159200314347,0.015288464617559944,False,0.0021117128219769656,0.021517782716095,0.006651848554611206,0.07487334311008453
271,0.01766677047999061,0.013812540680424808,False,0.0021440352054809563,0.019415861255267567,0.005464762449264526,0.07044027745723724
272,0.018097707632719267,0.013367037427737198,False,0.002117842414378572,0.018784836727121126,0.006012141704559326,0.06775858253240585
273,0.017661196904749536,0.013658590902137528,False,0.00209278289644556,0.019202460061961916,0.006544291973114014,0.07100376486778259
274,0.017293212050390628,0.01339838331353377,False,0.002088250976823244,0.018832753067397037,0.006107687950134277,0.06796317547559738
275,0.01730174334353857,0.013712363944384584,False,0.0021305393010710477,0.01927481935759854,0.005852729082107544,0.0677286684513092
276,0.01747062407527908,0.014352346478650694,False,0.002092756821107234,0.02018910883804031,0.005515694618225098,0.0725208967924118
277,0.017438082089475445,0.013889653069778496,False,0.0021102621887292066,0.019529252148809198,0.005550891160964966,0.07269652187824249
278,0.01713622422874411,0.014714443981232929,False,0.0020564652706360543,0.02070750262954395,0.0066336989402771,0.0743008404970169
279,0.017180262826732465,0.013649887331032838,False,0.0020475718491558166,0.019194955214967644,0.006149560213088989,0.0716671422123909
280,0.017569412411605336,0.013258769723859799,False,0.002048973208222343,0.018638445842656455,0.005727678537368774,0.06414785981178284
281,0.017196847426249835,0.0145933831961069,False,0.002079003156131565,0.02053317892955563,0.006314605474472046,0.07809272408485413
282,0.01754406232969814,0.013511152238256203,False,0.0020805983498465635,0.018994040272373242,0.00570601224899292,0.06781473755836487
283,0.018492887257896242,0.012887327899625493,True,0.0021203867016395803,0.018101668526568495,0.005989670753479004,0.0675119012594223
284,0.01799494355606263,0.01355858681435986,False,0.002082442081388437,0.019061322211661978,0.005654066801071167,0.06731389462947845
285,0.017245880882995907,0.016979954712896424,False,0.0021263978378808237,0.02391894885230456,0.006842851638793945,0.08207491040229797
286,0.018534253331804692,0.01512630037451283,False,0.002077357848937534,0.02129071547130999,0.005254834890365601,0.07793273031711578
287,0.016948802816058067,0.016308472827074753,False,0.0020478395253866713,0.022972570199474997,0.006761044263839722,0.08154463768005371
288,0.017504716079846053,0.013496885547882595,False,0.0020646050467953455,0.01897548983205378,0.005337506532669067,0.07118093967437744
289,0.01702012155229468,0.013046675855911795,False,0.0020777565125777385,0.018333422887964503,0.005898654460906982,0.06392166018486023
290,0.01717840138105984,0.01366050707410486,False,0.002047776162714324,0.01921003570873054,0.005353212356567383,0.0719662457704544
291,0.017894140690314978,0.013151074999981046,False,0.002024407685909535,0.018487924165002195,0.005857884883880615,0.06945160031318665
292,0.017199617000243615,0.0131846489307435,False,0.002055794029788086,0.01853223224048883,0.005646407604217529,0.06545528769493103
293,0.016592559487771975,0.01354539358376079,False,0.0020376974880040055,0.019047392225427277,0.0054180920124053955,0.07172978669404984
294,0.017433626110758473,0.012994122177774903,False,0.0020110187543099334,0.018266095140227152,0.005938440561294556,0.0657518282532692
295,0.017857429456572406,0.01391743630413152,False,0.0020820791880492824,0.019571790740883284,0.00560411810874939,0.06704133749008179
296,0.017399649061917266,0.01326159300554913,False,0.002014162865550213,0.018646254802225752,0.004963129758834839,0.07002922892570496
297,0.017552919126107226,0.01685031825346459,False,0.0020603779184485598,0.023740709512679904,0.0071073174476623535,0.07983497530221939
298,0.018791101870577125,0.01357482341636286,False,0.002041143995179722,0.019088881319588233,0.00628739595413208,0.07138470560312271
299,0.017061235250956888,0.014358666446604919,False,0.002054019512581057,0.020202070076516743,0.005298614501953125,0.07231038808822632
300,0.016756316028062428,0.01338423198893455,False,0.0020646953509127048,0.018815216129568234,0.005622237920761108,0.06833122670650482
301,0.016725205417654605,0.012793172192836556,True,0.0020191719246021944,0.017979251105587547,0.005124390125274658,0.0653763860464096
302,0.01682261412464255,0.012959245473353373,False,0.0020022367479067184,0.018217440293427967,0.005844593048095703,0.06587924063205719
303,0.017159263342932597,0.015231782537755732,False,0.002132262293775071,0.021435199979496576,0.005646884441375732,0.07563725113868713
304,0.017067245066955106,0.012721029926892084,True,0.001996726358493751,0.017879101517344214,0.005239903926849365,0.06540553271770477
305,0.016871881716506196,0.013259144342596313,False,0.0020026323512913097,0.018644016422535596,0.0054652392864227295,0.06688001751899719
306,0.01702417816068287,0.01303713146069736,False,0.0020370717053258,0.018324409111905592,0.006066471338272095,0.0649411678314209
307,0.016500644747900278,0.014124251341733366,False,0.0020155405993891487,0.019872759286610104,0.005240797996520996,0.0727873146533966
308,0.016966654535333872,0.012947641486871865,False,0.001960347092475538,0.01820548966538121,0.005942106246948242,0.06452664732933044
309,0.016500873226203926,0.013203929005733356,False,0.0019648002439143194,0.018569518946106017,0.005790233612060547,0.06937724351882935
310,0.016899990503253307,0.014866666321674155,False,0.001982685998593701,0.020930945063652916,0.005066543817520142,0.07454466819763184
311,0.017302205018142794,0.012987407108758479,False,0.0019957213641298714,0.018258220291602983,0.0057385265827178955,0.06621724367141724
312,0.016460538218171693,0.013133550077157774,False,0.001983830247462279,0.01846739559557961,0.00589907169342041,0.06583245098590851
313,0.01728112570825655,0.016447802674697466,False,0.002002686697123937,0.023174333297618206,0.006439507007598877,0.0818752646446228
314,0.017492193290850246,0.015107883012955027,False,0.0020112045474456925,0.021270902460734275,0.006307810544967651,0.07280361652374268
315,0.01718560938673829,0.013380649405523666,False,0.001966232225440307,0.018820665317525742,0.006173163652420044,0.0706406831741333
316,0.016755986817904894,0.013113805527822375,False,0.0019889562455251866,0.01843875925833897,0.005354881286621094,0.06792701780796051
317,0.016897110871418364,0.013599893847060656,False,0.001964156792717868,0.01913259882903036,0.005468934774398804,0.06941037625074387
318,0.017688437687664448,0.015542879344952767,False,0.0021491433886366715,0.02187563438999948,0.005857139825820923,0.07714061439037323
319,0.017358256629068272,0.013442805531029797,False,0.0021386905112363605,0.018890316151152234,0.005922079086303711,0.06953024864196777
320,0.017038475639358043,0.013772175779548288,False,0.002013058147209184,0.019372487523750394,0.00564536452293396,0.07309281826019287
321,0.017723988293571906,0.01358087802849876,False,0.001963714688499619,0.019105609546010774,0.00534549355506897,0.07050690054893494
322,0.01694751674544404,0.013461096096174624,False,0.0019603910895037583,0.01893565515123599,0.005061537027359009,0.07177446782588959
323,0.017485037920822132,0.013169139426402217,False,0.0019872601851292646,0.018517647547585527,0.0053948163986206055,0.06846089661121368
324,0.01731773743352142,0.015587812740526638,False,0.001965905787206203,0.021956663139316924,0.00500074028968811,0.07452604174613953
325,0.017699899848070667,0.013227996549537272,False,0.0019497833499139273,0.018605325223697636,0.005449503660202026,0.06287707388401031
326,0.01688335775598763,0.017100599855006997,False,0.0020352483177069054,0.02409810819195356,0.006562322378158569,0.0819944441318512
327,0.018919200205731252,0.013820749447948545,False,0.0019976768977786967,0.019443136377107987,0.005797535181045532,0.06955978274345398
328,0.01747321136796716,0.013624973684979613,False,0.0019628155082424006,0.019168389790804895,0.005018562078475952,0.07114726305007935
329,0.017387793271652383,0.012840777950210701,False,0.0019462615886272146,0.018055005815330826,0.005384087562561035,0.06544740498065948
330,0.017494246066150118,0.013035177981915152,False,0.001954277482103905,0.01833064459811335,0.0048828125,0.06809563934803009
331,0.017432936760146716,0.017042791215777918,False,0.001987260871623075,0.024020079730855272,0.006313949823379517,0.07980909943580627
332,0.01732021262061763,0.013000320379757957,False,0.0020520692135536293,0.01827034988530806,0.005906730890274048,0.06395585089921951
333,0.016676919993934825,0.012788761820683133,False,0.0019196383791236559,0.017983877963825515,0.0052429139614105225,0.06508679687976837
334,0.0166932375445691,0.012663175103957286,True,0.0019328403097481285,0.017803823823459183,0.005146980285644531,0.06785735487937927
335,0.016194755584400006,0.013314904495306165,False,0.001973582396472058,0.01872640754657879,0.005724281072616577,0.0669264942407608
336,0.016173649235711345,0.014563616909327221,False,0.0020500249298238704,0.02049378547365576,0.00546872615814209,0.07498794794082642
337,0.016965538726391727,0.013213121642888848,False,0.0018891358260391246,0.01859043571809229,0.005722671747207642,0.06758542358875275
338,0.01626757792953891,0.013549265550077159,False,0.0020333115483448737,0.01905336768536349,0.005995273590087891,0.07017430663108826
339,0.016977236820942765,0.012989611246854754,False,0.0019364844080223644,0.018267730880901285,0.005494296550750732,0.06513871252536774
340,0.01704727940149302,0.015092646493278124,False,0.0019143962989725553,0.02125819951902277,0.005070328712463379,0.07727506756782532
341,0.01656662708755435,0.012897249437852254,False,0.0019237116828948442,0.018137735169227127,0.005494415760040283,0.06614494323730469
342,0.016142673295105447,0.012790862151441776,False,0.0019059519422372985,0.01798831972828414,0.00518953800201416,0.06555716693401337
343,0.016506573305728096,0.01591721856703472,False,0.0019200009478716436,0.02242831438696493,0.0055924952030181885,0.07906229794025421
344,0.016693986406743296,0.012849316854916708,False,0.0019428564852242984,0.01806751776188609,0.005050450563430786,0.06509539484977722
345,0.016122486357318267,0.015159318956731753,False,0.001953728636578452,0.021349305330307225,0.005412638187408447,0.0754898190498352
346,0.018773376086619477,0.013010037188264927,False,0.0019237064034976269,0.01829812794317306,0.005290001630783081,0.06583988666534424
347,0.01822964229679369,0.019783781571251078,False,0.0019963249529759155,0.02790717944168712,0.006957322359085083,0.08660726249217987
348,0.018049516733801074,0.01321930742774687,False,0.0019591467292893157,0.018591985525296267,0.0051322877407073975,0.07072606682777405
349,0.016870986290144677,0.014723705592022704,False,0.001915107601716318,0.020734207195042778,0.005280017852783203,0.07343564182519913
350,0.016722548983546578,0.012870452400103016,False,0.0019420802611920898,0.018097663594093538,0.005129337310791016,0.06753240525722504
351,0.0166950903271119,0.01448885698812424,False,0.0019660109565043746,0.020395801826094885,0.0059615373611450195,0.0761280357837677
352,0.015887287305550883,0.012813464580063466,False,0.0018930845952802107,0.018021818504572372,0.005159199237823486,0.06403118371963501
353,0.01615717551267681,0.013377240638819706,False,0.0018799897849571486,0.018824631870161847,0.005694091320037842,0.07012049108743668
354,0.015850905375308727,0.012788818713926843,False,0.0018899685237835735,0.01798709976818519,0.005186229944229126,0.06654180586338043
355,0.016705996334473634,0.012905069167480661,False,0.0018848261658499757,0.0181529350703665,0.005178332328796387,0.06375044584274292
356,0.01721689606866058,0.012906297454735196,False,0.0018854459606486938,0.018154616275280692,0.004945844411849976,0.06296248733997345
357,0.01585076074654829,0.012948556312985523,False,0.0021051824288542643,0.018190613136848492,0.005640000104904175,0.06805175542831421
358,0.016912672213918897,0.017778481629668347,False,0.001869267021385858,0.025072985706299008,0.006331890821456909,0.0789555087685585
359,0.01710415283029323,0.013086096800598409,False,0.0018975930271434268,0.018408991765567383,0.005144745111465454,0.06702885031700134
360,0.0165950845576911,0.012865337852518234,False,0.001902837504856315,0.018094558518358724,0.00513070821762085,0.06581288576126099
361,0.016529581507063563,0.01375488148428473,False,0.001898681419062584,0.019359455953810542,0.005020201206207275,0.07398365437984467
362,0.017703276146018115,0.012855769003312974,False,0.0019788497708815027,0.018072789799939377,0.005867868661880493,0.06644704937934875
363,0.015807190005535852,0.012803118958457038,False,0.0018695344434064077,0.01800956784924299,0.0048292577266693115,0.06784908473491669
364,0.016059936685025592,0.014074906146231067,False,0.001931615947434613,0.019810977163703097,0.0059851109981536865,0.07320646941661835
365,0.01634875822511917,0.012559979428089523,True,0.0018636686475828849,0.0176644534402103,0.0049464404582977295,0.0663912445306778
366,0.01586676867663757,0.012739403740770946,False,0.001890292438731676,0.017916796110218344,0.005692124366760254,0.06418274343013763
367,0.01647416705307909,0.014994852460575874,False,0.0021461761932562457,0.02109704036127988,0.006589531898498535,0.07680138200521469
368,0.01774792799507109,0.012525178806636074,True,0.0019623456798705417,0.017604244438799967,0.0052703917026519775,0.06782785058021545
369,0.017152214468210875,0.0169115134380283,False,0.0018933914050682453,0.023841426998059023,0.005149811506271362,0.0811450183391571
370,0.017868560701293786,0.012965441642311974,False,0.0019223763217240276,0.018234851992248616,0.0047776103019714355,0.06867370009422302
371,0.016878604654207693,0.018734810557643308,False,0.0018536337024315788,0.0264301020399648,0.006081998348236084,0.08780770748853683
372,0.01764887546518455,0.013147096831084473,False,0.00192766071071622,0.01849260421653266,0.005502074956893921,0.06965111196041107
373,0.01647319129840611,0.012725280807802039,False,0.0023822860778735097,0.017837887171006327,0.006677091121673584,0.06706999242305756
374,0.01614611676843321,0.014742951658363415,False,0.0020028457145505056,0.020753260178636237,0.005608677864074707,0.07360732555389404
375,0.017175300956441833,0.01537501259337403,False,0.0018974032992551822,0.021660606655062135,0.006243407726287842,0.07468895614147186
376,0.016195732079344022,0.013577613131726634,False,0.0018369942599343616,0.019113570754068072,0.0051261186599731445,0.07504400610923767
377,0.01587734856600349,0.013219487958974754,False,0.0018028479163246446,0.01860804790445941,0.004986971616744995,0.0692421942949295
378,0.0164871301366842,0.013352947331721892,False,0.0018258686102590879,0.01879544145042408,0.005123168230056763,0.06927518546581268
379,0.015969822120731413,0.01426970103800105,False,0.0018084292147183983,0.020099210924605284,0.005020827054977417,0.06841281056404114
380,0.01658151406392942,0.014376614392933577,False,0.001811982121383701,0.020250697367609594,0.005136251449584961,0.06875410676002502
381,0.01607177240749648,0.01297582606368107,False,0.0017968543558342883,0.018262405688579522,0.005418211221694946,0.06386139988899231
382,0.01568868957731464,0.01332491319338386,False,0.001853302480692995,0.01875291518556606,0.005720794200897217,0.06957967579364777
383,0.015629806031594116,0.01477878905883712,False,0.0018065374986377593,0.02082214266013734,0.005041778087615967,0.07834085822105408
384,0.016467281719389472,0.013632519737286335,False,0.0018127915594800459,0.019193878666527123,0.006222635507583618,0.06942705810070038
385,0.015905257888778345,0.013143752969200935,False,0.0017794038810228837,0.0185027084587016,0.004852563142776489,0.06808985769748688
386,0.015827238752998758,0.012774154639795258,False,0.0017656755649928244,0.017978889042548764,0.004809260368347168,0.06642623245716095
387,0.01627906685616008,0.014060256561609565,False,0.0018013877058317715,0.01980243999286094,0.005536079406738281,0.06940898299217224
388,0.01731818989125919,0.016178037107518854,False,0.0018113219584459618,0.02280738641525093,0.005582690238952637,0.08186011016368866
389,0.017901236587648438,0.014432006250935716,False,0.0019701721940846633,0.02031462555853607,0.006095856428146362,0.0653400868177414
390,0.01668221583640758,0.013924461584663908,False,0.0019083923027579722,0.01959947254181928,0.0052623748779296875,0.07023540139198303
391,0.017256452807539614,0.014375700015753166,False,0.0019968904051183914,0.02023200256690655,0.006117135286331177,0.07753919064998627
392,0.017335280001111023,0.013505836408875552,False,0.001801770368468119,0.019014963521843623,0.004939526319503784,0.07135649025440216
393,0.016545218983393978,0.012686899344099738,False,0.001834059194055603,0.017847997888082605,0.004671603441238403,0.06588946282863617
394,0.015785181403106016,0.013669576480066678,False,0.0018184579574711392,0.01924598308926541,0.004855126142501831,0.07367633283138275
395,0.016278621273536187,0.01301459992732392,False,0.0018046075970275608,0.01831674047200281,0.004657059907913208,0.06744302809238434
396,0.015817527240528213,0.013631102101468352,False,0.0018295686870966115,0.019190271536447978,0.005145460367202759,0.0717490017414093
397,0.01654201991341582,0.012738129658553985,False,0.0017851242925488828,0.017925769149027767,0.004822134971618652,0.0655796229839325
398,0.016262316663393513,0.012717383331170827,False,0.0018019683989642361,0.017894596464362617,0.004607111215591431,0.07003515958786011
399,0.017448040752466018,0.01618761979020256,False,0.0018392394013424086,0.022818749118384545,0.00471574068069458,0.07735218107700348
400,0.01633294252345517,0.012895197280222443,False,0.0018038136464000383,0.018147134626625337,0.004835903644561768,0.07043983042240143
401,0.015752576435183276,0.013158771170017769,False,0.001846453369767813,0.01851748094867505,0.005512893199920654,0.07191920280456543
402,0.015475867002462892,0.012829976479813954,False,0.0018203269600006106,0.01805278440670278,0.004904031753540039,0.06515302509069443
403,0.015636343689633275,0.012751216251804144,False,0.0017584853621587626,0.01794699835110374,0.004950612783432007,0.06512293219566345
404,0.015675082203405615,0.013054604495209067,False,0.0018536210271332732,0.018368708110099927,0.005053281784057617,0.06548053026199341
405,0.01627974290823352,0.013304902851133718,False,0.0019450459085216748,0.018715172781401057,0.005039036273956299,0.0672457218170166
406,0.016573402527810015,0.013792473227796267,False,0.0017576026191020494,0.019426154465154992,0.005411893129348755,0.07314091920852661
407,0.0166654898680039,0.012875856503373058,False,0.0017915087849325391,0.018120869388179525,0.004618525505065918,0.06367704272270203
408,0.015924220457438243,0.014166026433304797,False,0.0017766789558278985,0.01995484827208004,0.005320340394973755,0.06847207248210907
409,0.015689003511395253,0.012977153808526957,False,0.0018108566877216234,0.018262909274130185,0.005618065595626831,0.06661467254161835
410,0.016036044700833557,0.014336793536813872,False,0.0017715446161119957,0.020197745784704246,0.004714369773864746,0.07261638343334198
411,0.016023497431431635,0.013109884129437005,False,0.0017684467599920336,0.018455641515912214,0.005101621150970459,0.06495827436447144
412,0.01585252670898523,0.013867750458640351,False,0.0017708112566962734,0.019531851997634762,0.005445331335067749,0.07302220910787582
413,0.016089455678504602,0.01280351827468408,False,0.0018163819996670297,0.018015574134471978,0.004885494709014893,0.0725485235452652
414,0.015620714755408906,0.013056123365914114,False,0.0019122897361051499,0.018364854385556923,0.0055817365646362305,0.06886161863803864
415,0.016256912128218774,0.012982019549913949,False,0.0017518776553222882,0.018275574028176856,0.004661619663238525,0.06713487207889557
416,0.016126001889970234,0.013272192323041805,False,0.001825497309911469,0.01868073207150128,0.0050043463706970215,0.06553013622760773
417,0.016902274146500168,0.01511182455595345,False,0.0017902213797048882,0.021296234592412037,0.006150186061859131,0.08046883344650269
418,0.016289166208453224,0.01288648927938533,False,0.00175306317551451,0.01813973546167706,0.004756152629852295,0.06837423145771027
419,0.016400931923429823,0.013609437770503488,False,0.0018505191062234978,0.019157483095559813,0.0057544708251953125,0.0698062926530838
420,0.017153101478672102,0.015402305879432662,False,0.0017574135623729232,0.021711138945691984,0.004864752292633057,0.07049649208784103
421,0.018085098312094428,0.017706675822976144,False,0.0019098853884936366,0.024968081546669386,0.006811231374740601,0.07964733242988586
422,0.01675736828143938,0.01248281523548259,True,0.0018978206755723888,0.017551058001500933,0.005235642194747925,0.06552927196025848
423,0.015215412989782713,0.012475649220131304,True,0.0018253739969158738,0.01754855167225649,0.004928469657897949,0.0671461671590805
424,0.016167909878728466,0.015596797072099601,False,0.0019131718593272224,0.02197407435326796,0.006120890378952026,0.07584768533706665
425,0.017549612893930856,0.013780415631717814,False,0.0017436879769097487,0.019410287277640277,0.004628926515579224,0.07271023094654083
426,0.01625759736388558,0.013044918652677968,False,0.0018066397792582207,0.018359624999623552,0.005016624927520752,0.06738226115703583
427,0.016962339209749527,0.013653069573728865,False,0.0017983804531999203,0.01922442313073088,0.0056600868701934814,0.0759870707988739
428,0.01581254040939663,0.012945280322420705,False,0.0017906781293664036,0.018219604354172924,0.005432844161987305,0.06706410646438599
429,0.015694230447016237,0.012939206456886196,False,0.0017159253082066773,0.018218169840658986,0.0046599507331848145,0.06534631550312042
430,0.01542304324495518,0.013750948891265215,False,0.0016922641046204878,0.019373008323790294,0.004911214113235474,0.0715436190366745
431,0.016599215906964695,0.013114403253098636,False,0.0017219987048608901,0.018466453148951126,0.0044029951095581055,0.07291795313358307
432,0.016230041778486578,0.012571341253607071,False,0.0017030013747052427,0.017696807252061363,0.00436970591545105,0.06814660131931305
433,0.015453692505091253,0.012916199915009719,False,0.001681730319937177,0.018188683510782833,0.00482487678527832,0.06628639996051788
434,0.01616189864772801,0.014519731357647033,False,0.0016775546882920257,0.02046536032926449,0.004781246185302734,0.07279558479785919
435,0.01588123244579466,0.01366824715029065,False,0.0016839812825152683,0.01925632680155434,0.0049183666706085205,0.06949359178543091
436,0.016130634780083836,0.013198512225458682,False,0.0017859784951331009,0.01857987375948001,0.00454026460647583,0.07284192740917206
437,0.016141469459286226,0.01338507276393516,False,0.0016933663090271862,0.018853457040806702,0.004384338855743408,0.06615201383829117
438,0.015563471744602948,0.013231739974428574,False,0.0016658689491214167,0.01863820641196369,0.004598170518875122,0.06400737166404724
439,0.015597248305860456,0.01254634735248222,False,0.0016851699523189269,0.017663007892773603,0.004919081926345825,0.06552010774612427
440,0.015735613522824588,0.014932266231185778,False,0.0016597170166915238,0.021052089032747766,0.004827380180358887,0.07483825087547302
441,0.015965306349993196,0.013320933775662448,False,0.0016745136047306942,0.018764076685775018,0.00466543436050415,0.06899654865264893
442,0.01489654682958625,0.012590449018701098,False,0.0018598496108976927,0.017708184642494736,0.00548967719078064,0.06598712503910065
443,0.015499131854077442,0.012879561423210228,False,0.0019538079281022232,0.018109357528373643,0.00599333643913269,0.07397247850894928
444,0.016044229210933618,0.013447274815453053,False,0.0018233802356234015,0.01892970403224996,0.005462944507598877,0.0666966438293457
445,0.015807950251615716,0.01335155014719614,False,0.0016831344848144815,0.018806776826841842,0.004978924989700317,0.06287184357643127
446,0.015919187732232533,0.013144328667041762,False,0.0017780032780223124,0.01850365954453353,0.004563778638839722,0.06953084468841553
447,0.015384789431701034,0.013853085594166377,False,0.001726128207461294,0.019515030802224255,0.004538238048553467,0.07523834705352783
448,0.015839554784860446,0.013896282605180593,False,0.001676048899782286,0.01958070890341284,0.004929959774017334,0.07204379886388779
449,0.016267718852571077,0.012414767614450881,True,0.001658090540430435,0.01747866202541883,0.004631370306015015,0.06583128869533539
450,0.015263800164988427,0.013389556971675712,False,0.00168782312251584,0.01886032005176668,0.004504561424255371,0.06519642472267151
451,0.015258729787858128,0.012903231780308728,False,0.0017817604728406846,0.01816073057248848,0.00459715723991394,0.06316311657428741
452,0.01511452541102766,0.013048194162555989,False,0.001681496313678405,0.0183761618430292,0.004636168479919434,0.06893832981586456
453,0.015445190430540956,0.014731481056014073,False,0.0017197203782559527,0.02076236052491634,0.005447119474411011,0.07242436707019806
454,0.01678564375595227,0.014020316307694493,False,0.001779777387733756,0.019747681297656305,0.0054118335247039795,0.07154445350170135
455,0.016725712453573707,0.012488974735628225,False,0.0016727110403702793,0.017582692992105586,0.004356443881988525,0.0667925477027893
456,0.016122896264581417,0.013394459040148535,False,0.001990582707962988,0.018837746055526853,0.004995584487915039,0.06836386024951935
457,0.015300180488824096,0.012736262856080129,False,0.001650010820208246,0.017936060201643525,0.004766345024108887,0.06449452042579651
458,0.01578632278108432,0.01411817413743635,False,0.0017091408300309203,0.019892825618409698,0.004824995994567871,0.06869221478700638
459,0.01605582385652885,0.01412923495084594,False,0.0018764791281459857,0.019893450810712077,0.0052703022956848145,0.07303294539451599
460,0.015820058841428782,0.012837235652396634,False,0.0018735071311025194,0.018057664268310836,0.005174905061721802,0.06461489200592041
461,0.015580909446383472,0.013761510384164526,False,0.001624955907444918,0.01939375882564987,0.0050723254680633545,0.0760357677936554
462,0.016582114060556232,0.012910432480758323,False,0.0016627195243183253,0.018182241407969837,0.004545688629150391,0.06747744977474213
463,0.015847228796380067,0.01310475568612814,False,0.0016684571459007018,0.018457668325405838,0.005189657211303711,0.06787358224391937
464,0.01608349029097836,0.01729557826349071,False,0.0016434589555796412,0.024404365680145236,0.005003482103347778,0.07787225395441055
465,0.016755800832683958,0.01398753171638564,False,0.001987319680379194,0.0196812768497296,0.005907505750656128,0.07294251024723053
466,0.01488862580508479,0.013142033844422859,False,0.0016529414565904198,0.018511992824591872,0.004400044679641724,0.0650186538696289
467,0.014980804059705583,0.012553348976217947,False,0.0016093145063996415,0.017680024020705985,0.004992276430130005,0.06706982851028442
468,0.0149421546186674,0.013326839489096465,False,0.0015938018864656489,0.018779486660023968,0.004727810621261597,0.06925079226493835
469,0.015238245118839852,0.012735650811298117,False,0.0016290303900595845,0.0179371089395277,0.0049093663692474365,0.06549710035324097
470,0.01610865170767614,0.014325344447082293,False,0.001665506484480874,0.020190520557351297,0.005167752504348755,0.07281848043203354
471,0.016173472057167636,0.017202645369624972,False,0.0016717166343663448,0.024270709697295247,0.005900472402572632,0.08142578601837158
472,0.01718871785064072,0.013805078272999732,False,0.0016551381578534235,0.01945304412422833,0.005324423313140869,0.07747654616832733
473,0.015460216593226188,0.014566825974970278,False,0.0016214946481872003,0.020536689069240843,0.005683571100234985,0.07649576663970947
474,0.016138072160946267,0.017541328080653742,False,0.0016434184644464615,0.024752687656088544,0.006312817335128784,0.08701491355895996
475,0.018481792861063075,0.013184763715187436,False,0.001625360989535372,0.018575096617717363,0.004405319690704346,0.06649885326623917
476,0.0167943321096222,0.01785397104512143,False,0.0016979387615720077,0.025192172171431045,0.0056189000606536865,0.08117315173149109
477,0.016255550384475865,0.013794628199550107,False,0.0015927978060446416,0.01944341878436452,0.004822522401809692,0.06990179419517517
478,0.015036288228464046,0.012438289828667203,False,0.0015957568577251412,0.01751786683294411,0.005269080400466919,0.06432323157787323
479,0.015137099741644275,0.012945363506271521,False,0.0016289583672103546,0.018234894553671114,0.004988491535186768,0.06482261419296265
480,0.015002607273154984,0.012990479803082575,False,0.0016208968066244542,0.01829966857747982,0.004519343376159668,0.06502695381641388
481,0.015072230843876435,0.012674068211864004,False,0.0015982620821889677,0.01785243813814298,0.0046516358852386475,0.06958334147930145
482,0.014960200417437784,0.01478036047459644,False,0.0016754503491044435,0.020835329372431464,0.005134373903274536,0.07132698595523834
483,0.015798212711150145,0.012595478397581251,False,0.00161551228188138,0.0177392856798234,0.004165858030319214,0.06583675742149353
484,0.01522361868939644,0.016459851275433018,False,0.0016676819993946914,0.02321792940768626,0.005680292844772339,0.07324756681919098
485,0.01603138726823892,0.012706596452140432,False,0.0016617911104276739,0.017892837693847724,0.004295766353607178,0.06618960201740265
486,0.014909462899793308,0.013442518303083593,False,0.0016207574593453127,0.018941376996688086,0.005038917064666748,0.07267899811267853
487,0.014724021702944968,0.012399280162207565,True,0.0016175093309769403,0.01746046904121105,0.00435832142829895,0.06586717069149017
488,0.015255941858950817,0.012881180766706381,False,0.00175838260807059,0.018131677323171842,0.004828095436096191,0.06449498981237411
489,0.01608669259185328,0.01720879573846354,False,0.0016008764464006953,0.024284202598325443,0.005148351192474365,0.08055408298969269
490,0.016848019639453395,0.012943064137790002,False,0.0016269500294611933,0.018231808593016905,0.004775494337081909,0.06526125967502594
491,0.015312607562145465,0.013526789561890042,False,0.0015751279405013913,0.019064811259609658,0.00468599796295166,0.07088638842105865
492,0.01475114274416412,0.012796832822402968,False,0.0015715728567636778,0.018029086879224526,0.004831403493881226,0.06444557011127472
493,0.016250532101173783,0.016606716917247646,False,0.0015839981587866762,0.023431966048818215,0.005159854888916016,0.08218927681446075
494,0.0169136660301189,0.015437698548069116,False,0.0015892529197399276,0.021774281299270323,0.004787743091583252,0.07362256199121475
495,0.015282476379297997,0.0131968774218105,False,0.001573119438260833,0.01859678545518805,0.005074441432952881,0.06937119364738464
496,0.015807850549294906,0.013830861343511643,False,0.00169523158935904,0.01948619055567993,0.00496220588684082,0.07059428095817566
497,0.01475633716280663,0.012467734067552978,False,0.001620986955126266,0.017557367568258427,0.004141300916671753,0.06912277638912201
498,0.015155514342660326,0.013996721221872281,False,0.0016080237646564886,0.019728928800173292,0.005099624395370483,0.07627883553504944
499,0.015232708283015371,0.013905104045674263,False,0.001576614695236011,0.019601483032934137,0.004352927207946777,0.07193471491336823
500,0.01571550030991511,0.014746638786904185,False,0.0016178578139202367,0.020792047251939793,0.005419254302978516,0.07456601411104202
501,0.016928495916230087,0.012863757239120054,False,0.0015405493067872542,0.018126754233953636,0.004395663738250732,0.06672532856464386
502,0.015323300073999919,0.013528502102958202,False,0.0015704119090329254,0.019067631140673974,0.00546795129776001,0.0724191665649414
503,0.015421554447227728,0.013732715181450111,False,0.0015464331649797693,0.01935932466173542,0.004811286926269531,0.07432293891906738
504,0.015287863395159657,0.012381459785506603,True,0.0015599654570800088,0.01744040096321961,0.004478186368942261,0.06640411913394928
505,0.01576846312519525,0.012724092610381706,False,0.001768688374129566,0.01790745181753177,0.00463983416557312,0.06565718352794647
506,0.015451572061468365,0.013600076459529542,False,0.001677397817437214,0.019160128326732678,0.0051724910736083984,0.06879568845033646
507,0.016636956899135438,0.016887128384991464,False,0.001592946498190632,0.023828820084246718,0.00486263632774353,0.08025795221328735
508,0.01579011619209045,0.013153391846824259,False,0.0015813036485416879,0.018534370014771758,0.004378795623779297,0.06341272592544556
509,0.016579187859151655,0.017371964932017245,False,0.0016205609499698958,0.02451416078817043,0.005077868700027466,0.08159299194812775
510,0.017431721340881105,0.012926979620531198,False,0.001571459183141898,0.018213844316959844,0.004930078983306885,0.06500591337680817
511,0.016264989903189805,0.013370500311524874,False,0.0016363961954920234,0.01883780167451368,0.004376769065856934,0.06251794099807739
512,0.014637690661143742,0.01296505479587212,False,0.001813339259869997,0.018245467989334345,0.00455784797668457,0.06630642712116241
513,0.014626886335691982,0.012744359493203154,False,0.001583844367684,0.017953518920372145,0.005045115947723389,0.06493422389030457
514,0.014687297700832653,0.01273847998674905,False,0.0015470587045454411,0.01794838048805998,0.005004823207855225,0.06581538915634155
515,0.015016571766265323,0.013131172103397731,False,0.001809431172320011,0.018481919162039104,0.004843294620513916,0.06706580519676208
516,0.01584492251835773,0.012895173958372703,False,0.0016152607058339216,0.018164855117663588,0.004384458065032959,0.06531955301761627
517,0.015418673993675027,0.012902656603306011,False,0.001536068126106705,0.01818234278367021,0.004728972911834717,0.06775099039077759
518,0.014905716919744494,0.0130157470703125,False,0.0015676821542013352,0.018340166295255027,0.004601597785949707,0.06489463150501251
519,0.014980329425482568,0.012658219373112121,False,0.0015337028684434967,0.017835605540968927,0.004244506359100342,0.06237911805510521
520,0.014555631601164878,0.015113567393009645,False,0.0016201589715177619,0.02131231817540117,0.004304170608520508,0.07571353018283844
521,0.015647760993118116,0.012985177195018226,False,0.0017383145963302327,0.018281354946327027,0.0049353837966918945,0.06605614721775055
522,0.015154019944403116,0.014725223592331024,False,0.0015288084438785459,0.020768418044643466,0.004451781511306763,0.07650846242904663
523,0.015192021940919682,0.012901063266710915,False,0.0015291281219362543,0.018180667344310036,0.0042546093463897705,0.06562107801437378
524,0.01489908946732958,0.013273028500729271,False,0.0016121971739657729,0.018701534832120607,0.004497319459915161,0.0727916806936264
525,0.01524939673468199,0.013962849505732983,False,0.0015996943141366549,0.019681546967530165,0.005274534225463867,0.07272204756736755
526,0.015418999233120068,0.012888226683353654,False,0.0015607839514656633,0.018159756184175008,0.004199236631393433,0.06885741651058197
527,0.014726616627388025,0.013485767208738777,False,0.001570768283493103,0.019006959990639956,0.004170149564743042,0.06752555817365646
528,0.014851575016733764,0.01269999289433823,False,0.001497108710099957,0.017897996950534692,0.004887819290161133,0.06746228039264679
529,0.01470205812334145,0.015605719661406321,False,0.001708040462816017,0.022003625308698795,0.0058349668979644775,0.07538177818059921
530,0.01539557606442936,0.0133870106941119,False,0.0015521280713759237,0.01886835904824632,0.004375249147415161,0.06868002563714981
531,0.014433615835281523,0.012812312197956475,False,0.0014923094565476658,0.018057787832798527,0.00421375036239624,0.06506665050983429
532,0.014760236934095625,0.013233888757111551,False,0.0015005519124850954,0.018655293000152468,0.004655331373214722,0.06728796660900116
533,0.014740790940608546,0.014473030466877928,False,0.0017545058922288298,0.020392619474836927,0.00519523024559021,0.07254709303379059
534,0.015506716773392682,0.01330112531518526,False,0.0016597095275901635,0.018737269010062684,0.005175918340682983,0.06691749393939972
535,0.015158541096498435,0.015312273386126653,False,0.001512396024225696,0.021601946770134158,0.005786865949630737,0.08331950008869171
536,0.015517247829863802,0.01307068337205793,False,0.0015484458863524386,0.01841976652544023,0.0051899254322052,0.06905782222747803
537,0.014860207612840728,0.012857571674588614,False,0.0015431220098695386,0.018117755438560933,0.004318714141845703,0.07372364401817322
538,0.015647730661828403,0.01399839013286777,False,0.00201008251782128,0.01969439989550798,0.005529820919036865,0.06884084641933441
539,0.016538643167957893,0.015238991928266379,False,0.0016467144433014807,0.021488185746901207,0.005623936653137207,0.07761116325855255
540,0.018371371456414428,0.015036084346747225,False,0.0015481399885765798,0.02120780478808298,0.004778802394866943,0.0770920068025589
541,0.016726555159313657,0.014963271466960387,False,0.0015282498754365277,0.021106005349222523,0.004932582378387451,0.08082561194896698
542,0.015269084098357154,0.013333851445566708,False,0.0016519614851086102,0.018784414272894512,0.004309207201004028,0.06905235350131989
543,0.014484193880358827,0.013362216052484135,False,0.0015245904549041965,0.018835426391534987,0.004230141639709473,0.06898069381713867
544,0.014943828405614475,0.013311712103694138,False,0.0014877715676073825,0.018766723607073005,0.004427492618560791,0.0671248584985733
545,0.014942517198521745,0.012859124380087864,False,0.001620382752139662,0.01811321526625692,0.0045355260372161865,0.06959898769855499
546,0.015536462065505767,0.012955277291681156,False,0.00155624473835568,0.018255315769893397,0.004410594701766968,0.06545025110244751
547,0.01582708598672091,0.01635433993556531,False,0.0015614945097230713,0.023075756770697415,0.00553092360496521,0.07995669543743134
548,0.017253746334945277,0.01441954826341335,False,0.0015304942168400193,0.020334805451398517,0.004753172397613525,0.07737967371940613
549,0.016499400272521374,0.013047693780326159,False,0.001510468187944414,0.01839030063099206,0.0043867528438568115,0.06628422439098358
550,0.015497712771518157,0.013070085874121607,False,0.0016755627123807497,0.018407791252823918,0.0046582818031311035,0.06858354806900024
551,0.015113920478818502,0.014675885551697304,False,0.0015007751957156787,0.020700503129304076,0.004371583461761475,0.074852354824543
552,0.014952056779804414,0.013898059207747424,False,0.0015606648299369712,0.019592764463335324,0.004391968250274658,0.06786499917507172
553,0.014851679329834592,0.012447238126187966,False,0.001638695278340896,0.017526612921970403,0.004651814699172974,0.0667191743850708
554,0.014853432042129758,0.013476197610973887,False,0.0015365302836050229,0.018996180209933763,0.0046562254428863525,0.06891903281211853
555,0.016552287221867076,0.014519573006566906,False,0.0014789001260619068,0.020480449905328633,0.004707753658294678,0.07765425741672516
556,0.017091850540214903,0.016383146109494328,False,0.0015072348139777562,0.023120190836148982,0.005647152662277222,0.07765011489391327
557,0.016838377802612405,0.015151474922912581,False,0.0017982044505948473,0.021351835319366342,0.005443871021270752,0.0731402337551117
558,0.0169337136099632,0.014031415543202698,False,0.002247300830028269,0.01971575197641361,0.005670011043548584,0.0687372237443924
559,0.014782003208573053,0.01356772291949349,False,0.0015070802301186067,0.019128379667560636,0.004879266023635864,0.06718544661998749
560,0.014513825302076774,0.012278069582163412,True,0.0014685644701825959,0.017301598593246648,0.005070149898529053,0.0691593587398529
561,0.014664588485198013,0.016537091178624223,False,0.001547854791786659,0.02333569935456937,0.005398273468017578,0.08040180057287216
562,0.01639514868894604,0.013205114066431402,False,0.001774802507671465,0.018590322999801154,0.005088984966278076,0.0691053718328476
563,0.016201283600477182,0.014767616950630981,False,0.0016328069423980887,0.020820637711435764,0.004258334636688232,0.07868388295173645
564,0.01510978484309112,0.013442922441150012,False,0.0015534815028565316,0.01894758557418252,0.004545807838439941,0.0681413859128952
565,0.014950972103740585,0.012753000611222115,False,0.0015795706675818357,0.017966163101778707,0.005339264869689941,0.06484408676624298
566,0.014216217828670321,0.013642010257127931,False,0.0014874666947526456,0.019235288843935563,0.004394799470901489,0.06903290748596191
567,0.015608938609437012,0.015205853511253762,False,0.0015212586110586695,0.021450449427317983,0.004941672086715698,0.07605034112930298
568,0.0156528008935733,0.013423129939540049,False,0.0015132315837966506,0.018922763650490493,0.004354238510131836,0.06537926197052002
569,0.014911113931776562,0.01579199587485154,False,0.0014951987243009594,0.022283144974892508,0.005691051483154297,0.08479602634906769
570,0.014688078721409032,0.01287466298784135,False,0.0016329179698822908,0.01813415120593311,0.004910498857498169,0.06445780396461487
571,0.01448890488791868,0.014569852559012143,False,0.001734538973531376,0.020531746355595702,0.00530242919921875,0.07395400106906891
572,0.016057731782268037,0.013443154093384943,False,0.0014526503133872294,0.018955912033675467,0.004249453544616699,0.06988699734210968
573,0.014564949930191433,0.015116492853255531,False,0.0015953816943867641,0.021318336834257066,0.004591137170791626,0.08172878623008728
574,0.016851881206297423,0.014676030317690283,False,0.0015514330085772282,0.020696974836495848,0.004847675561904907,0.07392062991857529
575,0.017442139552547066,0.014733645519609498,False,0.0016847500994531849,0.020768297528161374,0.004444539546966553,0.07519041001796722
576,0.014504134555767836,0.012750597696742165,False,0.0015520687899891828,0.01796514900032791,0.004461497068405151,0.06417430937290192
577,0.015044824361530368,0.013461267619292528,False,0.0014781368408171903,0.018979635641296677,0.004486560821533203,0.07055231928825378
578,0.014560631926578988,0.012870419988233135,False,0.0014785939878446377,0.018141365483422472,0.004453420639038086,0.07297524809837341
579,0.014502245769892397,0.012649947199260513,False,0.0014673105573445632,0.01782945157110253,0.004182100296020508,0.06839396059513092
580,0.015063395759756735,0.014311179676784132,False,0.001506663820800233,0.02018290629015028,0.004725784063339233,0.07062922418117523
581,0.015209058858956981,0.014082182167159849,False,0.0014518803797471769,0.019862218862471588,0.004789501428604126,0.07164537906646729
582,0.015082994611097729,0.01318791253970442,False,0.0014587793073149722,0.0185933870242056,0.004757881164550781,0.07384172081947327
583,0.014350024188445483,0.013431429354592687,False,0.0015610471714896453,0.01893065621401539,0.0044211745262146,0.07294796407222748
584,0.014404069334219876,0.012885484971127792,False,0.0014657548175576866,0.01816378374466927,0.004338949918746948,0.06397272646427155
585,0.014596791801487548,0.012291140074448181,False,0.0014336093102907202,0.017323077491103366,0.004291832447052002,0.06792405247688293
586,0.014939377744363222,0.014007449236150667,False,0.0014773741872474726,0.019754357396353086,0.004135757684707642,0.06644029915332794
587,0.01463897350449003,0.013271035913596,False,0.0015488035470996792,0.018704063011106734,0.004373818635940552,0.06716148555278778
588,0.014748927974537219,0.013659778420663949,False,0.001525845229254067,0.019257489529584487,0.004567265510559082,0.07493506371974945
589,0.01525920280482488,0.01333716073941301,False,0.0014791949285684,0.018803501993090076,0.004859715700149536,0.06855809688568115
590,0.014191912525217436,0.012662069188221466,False,0.00143750078045148,0.0178490784325027,0.004433959722518921,0.06991405785083771
591,0.01429951704005281,0.012910954713536787,False,0.0014464686278893263,0.018201462805527875,0.004578679800033569,0.06973029673099518
592,0.014674167776645524,0.01315106245942565,False,0.0015939033628957532,0.018529985322584583,0.004518866539001465,0.0677776038646698
593,0.01478182207149917,0.012894230516569483,False,0.001436922331200028,0.018178493311629018,0.00449100136756897,0.06467586755752563
594,0.014478865337697586,0.0137383358445148,False,0.0015286320941608677,0.01936871230641167,0.004914999008178711,0.06910985708236694
595,0.01470178524397391,0.012914487307756465,False,0.0016577036063197762,0.018188456294242608,0.004804015159606934,0.06974248588085175
596,0.014247241362219405,0.013776548775303404,False,0.0014833180043840007,0.019426434122970133,0.004674464464187622,0.06949792057275772
597,0.014545796327722347,0.012740914501588423,False,0.0014593681530398353,0.017959177708652563,0.0047279298305511475,0.06806950271129608
598,0.01461896315258605,0.01348618084101781,False,0.0014452410117570564,0.01901750410685272,0.004266202449798584,0.06886141002178192
599,0.015158734863783054,0.012572848289146643,False,0.0016768957501646746,0.01770144271839803,0.004826396703720093,0.07194612920284271
600,0.015951326395809366,0.014915447446481107,False,0.001424853473672502,0.02104544845447407,0.004386842250823975,0.073199063539505
601,0.016031583891858003,0.012917586359630522,False,0.0014769998454934835,0.018208419184437805,0.004402339458465576,0.06481815129518509
602,0.014496852206874947,0.012985944448079524,False,0.0014277893233300986,0.018309312354962873,0.004339456558227539,0.06604388356208801
603,0.014263496306113158,0.012756138515431089,False,0.0014400249546689889,0.017982337248660957,0.00463557243347168,0.06705141067504883
604,0.014283323778771742,0.013016383582975539,False,0.0014980800924543818,0.018346886073231355,0.0048458874225616455,0.06876780092716217
605,0.013959671378991156,0.012718921496783926,False,0.00142925281252981,0.017930396822796377,0.004280298948287964,0.06956619024276733
606,0.014507622513408615,0.013467856632413022,False,0.0015497100047202619,0.018983274618944973,0.0047095417976379395,0.06895191967487335
607,0.014929211647282368,0.013506570494138262,False,0.0015905270155049025,0.019034839386575835,0.0051500797271728516,0.06620807945728302
608,0.014019688700240623,0.013119007339782973,False,0.0014716254130456,0.018494621729860078,0.0041630566120147705,0.06538701057434082
609,0.014475656259054828,0.014045541276324704,False,0.0015109150511120285,0.019805847465684548,0.004579722881317139,0.07965785264968872
610,0.015284536499936295,0.016005927271540876,False,0.002013991118813163,0.02254602393750178,0.005638420581817627,0.07779829204082489
611,0.01564785770947948,0.012897357001624421,False,0.0014020893723255122,0.018185647321998653,0.004486709833145142,0.07188369333744049
612,0.015271072138869244,0.015036121768282135,False,0.0014722795968676048,0.021213257674716195,0.004564791917800903,0.07419846206903458
613,0.015206073961882545,0.015082940582787481,False,0.0014956275486441022,0.021278001561450856,0.0046468377113342285,0.08331255614757538
614,0.014432244002961524,0.012906681552398089,False,0.0016328532666558834,0.018179621450385902,0.004900336265563965,0.06975357234477997
615,0.014150698561704016,0.0160762259642667,False,0.0014352324257216535,0.02268986978805327,0.0046958327293396,0.07598453760147095
616,0.015789887637654796,0.014098152248458099,False,0.0015398392719590496,0.019878246531612,0.005373179912567139,0.06652399897575378
617,0.014961422089526092,0.015506586259361804,False,0.0014209034174320339,0.02188354365080572,0.005107015371322632,0.08145162463188171
618,0.01495485824600526,0.012939893217220057,False,0.0014080260358815527,0.01824552435038549,0.004192739725112915,0.06841495633125305
619,0.014821971740603998,0.01350081238465742,False,0.0014230066637787376,0.01903992816092976,0.004354000091552734,0.06776489317417145
620,0.013963256861713746,0.013214304410890805,False,0.0014351733855752172,0.018632659086759457,0.004824966192245483,0.06518203020095825
621,0.01422873316238486,0.012624205615276244,False,0.0015619360910775234,0.017784866520209767,0.004732668399810791,0.07056121528148651
622,0.014517929620252544,0.014041119399788084,False,0.0014558613364299574,0.019803699983559003,0.00439298152923584,0.0700770914554596
623,0.01535974002803338,0.014635821048545068,False,0.0014647597215976355,0.020646282501913006,0.005250364542007446,0.0732671469449997
624,0.015121327306131076,0.013612336559711266,False,0.0015945855219553706,0.01918459560625314,0.004807949066162109,0.07114505767822266
625,0.015397603605374066,0.013793012002298965,False,0.0013953747933485227,0.019456291402229355,0.004930227994918823,0.07659491896629333
626,0.016594986886344802,0.013741124133818016,False,0.0016894621572615973,0.01935930461706545,0.005721300840377808,0.06415405124425888
627,0.01519273045021527,0.012457586097985503,False,0.0014262418076753892,0.017559861037363036,0.004568368196487427,0.06891995668411255
628,0.014613036023964738,0.014295343070955297,False,0.0014841366898168847,0.02016211919264804,0.004588216543197632,0.07584136724472046
629,0.014754821149669943,0.013254531112026218,False,0.0013929760365107306,0.01869290823334448,0.0044734179973602295,0.07290191948413849
630,0.015081849288230366,0.012771830524528226,False,0.0016609514346049685,0.01798556580172283,0.005279868841171265,0.07075808942317963
631,0.014289281132365854,0.014722885912206045,False,0.0014241464790663455,0.020772542276420915,0.004583418369293213,0.07079462707042694
632,0.015447532619667833,0.013808972267185929,False,0.0014383259425658672,0.019475796576077217,0.004929929971694946,0.06940317153930664
633,0.0162189830254366,0.016517427720617324,False,0.0014457987813561069,0.02331438278590715,0.004690349102020264,0.0851534754037857
634,0.014605525937502974,0.01310538121349134,False,0.0014321252409423885,0.01847839460470048,0.004574835300445557,0.07512831687927246
635,0.014768319595351237,0.016230507178094683,False,0.00157454161582227,0.02289933589927548,0.005510658025741577,0.07975133508443832
636,0.014575592505498032,0.0150558963448918,False,0.0014422126739273978,0.021243352770717965,0.004562675952911377,0.0710267499089241
637,0.014276783123407662,0.013116309430080122,False,0.0014014500694266119,0.018496244603474727,0.004215240478515625,0.07458330690860748
638,0.014529412214906187,0.01644164082909726,False,0.001710907494094161,0.02318896034417768,0.005874514579772949,0.07694078981876373
639,0.01504400174092227,0.012979394817400845,False,0.0015488919707314106,0.018290170351990754,0.0050757527351379395,0.06875456869602203
640,0.015260716243232704,0.014021594270423503,False,0.0014275634376410087,0.019778074859420573,0.004530608654022217,0.07673758268356323
641,0.015506201063316698,0.01708332346100832,False,0.001422625261555051,0.024117546296877315,0.004988878965377808,0.07213494181632996
642,0.016360793877490218,0.013281996556411319,False,0.001687170710457637,0.018707653952455914,0.0054520368576049805,0.06664593517780304
643,0.01508468067209302,0.013735156405378233,False,0.0014439113118347232,0.019370702675863348,0.004377484321594238,0.07733355462551117
644,0.01480531804201659,0.01324026560363523,False,0.0013856664657108512,0.018673221195112895,0.0042778849601745605,0.06469540297985077
645,0.014192840057444669,0.013052660320640242,False,0.0014174378945434993,0.018404749041156285,0.004105061292648315,0.06725102663040161
646,0.013859237254826776,0.012680246510055575,False,0.001736264691698894,0.01784832564564096,0.005451858043670654,0.07328657805919647
647,0.01405193385815571,0.014578307015051736,False,0.001447499546547337,0.02056596284855081,0.005488038063049316,0.07240873575210571
648,0.015865687835486742,0.01700314715525733,False,0.0017964307348502997,0.023978884795490672,0.0060956478118896484,0.07726717740297318
649,0.016138767991206664,0.016367448988277047,False,0.0013898686134554904,0.023105302761972497,0.004541337490081787,0.07244974374771118
650,0.015616350347407213,0.015138081263675248,False,0.0015284476910139878,0.02135384800962008,0.004467904567718506,0.07464317977428436
651,0.01564392562165808,0.015029807179177708,False,0.0013906718987862633,0.021209813764977117,0.00486224889755249,0.08329185843467712
652,0.014424465959630412,0.013360044341069155,False,0.0014223106343009542,0.018840344522809926,0.004545837640762329,0.06699243187904358
653,0.014477960459427454,0.013826744082253938,False,0.001414985697960555,0.019502705338421498,0.004897743463516235,0.06765340268611908
654,0.014799881844810403,0.013844026388867356,False,0.001419367670859221,0.019526893407992383,0.004680901765823364,0.07343237102031708
655,0.01484461935775554,0.013593855554620308,False,0.001337850756186034,0.019178007480230606,0.004450619220733643,0.07801726460456848
656,0.014839449203470578,0.017142719260032423,False,0.0014449142616083557,0.02420036889956285,0.004869043827056885,0.08478660881519318
657,0.015057672714882129,0.013276815492207562,False,0.0015434091124352713,0.01871271142600726,0.005048990249633789,0.0665297731757164
658,0.014698646767129417,0.012688514221948978,False,0.0013957339933664606,0.01788990476010845,0.004981309175491333,0.06959861516952515
659,0.014758111513577902,0.013929771573473918,False,0.0014996554653143117,0.01964250606658808,0.005403488874435425,0.06649749726057053
660,0.014353415458630996,0.01290039850369987,False,0.001387625078945855,0.018191071779601484,0.004128366708755493,0.0697486400604248
661,0.015154105629582585,0.02184406374977514,False,0.0015101311595539962,0.030855238512513653,0.006692647933959961,0.08577509224414825
epoch,train_loss,test_loss,bool_best,rmse_vx,rmse_vy,max_vx_err,max_vy_err
best: test_rmse_vx,rmse_vy,max_vx_err,max_vy_err
0.0014685644701825959,0.017301598593246648,0.005070149898529053,0.0691593587398529
validation: rmse_vx,rmse_vy,max_vx_err,max_vy_err
0.001460863328792234,0.019241059575246116,0.007097065448760986,0.14160671830177307
