0,0.11665310824760468,0.08472934157306022,True,0.03790842650769919,0.11367090231358026,0.04235869646072388,0.33152273297309875
1,0.09688777965141503,0.08017116352123205,True,0.013194949945761982,0.11260871535132218,0.020926743745803833,0.29484426975250244
2,0.08769170812014539,0.07288061283769635,True,0.013534713623659076,0.10217620953473287,0.022229313850402832,0.27277979254722595
3,0.08329093913178469,0.08050528780084773,False,0.010070196769403003,0.11340544239764702,0.022413700819015503,0.24272529780864716
4,0.07332621753625797,0.05846886677834834,True,0.008802958272219887,0.0822175453660349,0.023475319147109985,0.18659664690494537
5,0.06630978998823034,0.0555135717095463,True,0.002949924905501081,0.0784526059624134,0.009944528341293335,0.20177572965621948
6,0.05869909122800995,0.05728122261970727,False,0.003381756988427822,0.0809372614337837,0.006694823503494263,0.22917568683624268
7,0.05469185019196132,0.056531488574121894,False,0.0020757356283873304,0.07992064645667568,0.006791144609451294,0.2203386127948761
8,0.053883868434984376,0.04424677971393793,True,0.002693909256260032,0.06251637721068004,0.007788360118865967,0.17228011786937714
9,0.05227070198899306,0.05753003010034064,False,0.002628179692794699,0.08131728320820078,0.005694031715393066,0.17430637776851654
10,0.05167725347814436,0.04764205455418056,False,0.002101285571703129,0.06734326625747593,0.0049934983253479,0.18522123992443085
11,0.046927002397160224,0.04843908584213691,False,0.0029471438613737863,0.06843979056544507,0.006979942321777344,0.18681937456130981
12,0.04481766037571253,0.04406351299677088,True,0.0025307499203378403,0.062263805405894095,0.005884885787963867,0.1640116423368454
13,0.04556220432396769,0.03786065400876126,True,0.0023772514208689408,0.05349025124786286,0.006198585033416748,0.14345017075538635
14,0.04521962389047926,0.04744175181728253,False,0.0021512716264427503,0.0670582765056301,0.005294352769851685,0.1749480664730072
15,0.040894908701453826,0.038574183741686426,False,0.0021516367002787757,0.05450968444374226,0.005514025688171387,0.1521936058998108
16,0.04099735662350848,0.03492549426250263,True,0.002112207986243565,0.049346923828125,0.0052032470703125,0.12904110550880432
17,0.04106954234401176,0.03664142044521608,False,0.0020944714231043333,0.051776447180457735,0.0049561262130737305,0.159200981259346
18,0.03591523399504088,0.03811788197420518,False,0.002408589703523687,0.053852991041181665,0.005575776100158691,0.15809035301208496
19,0.03592127426153786,0.03280551359186244,True,0.0023324342467112976,0.04633533241598541,0.00556260347366333,0.1317671686410904
20,0.03519262493527286,0.03423856568639957,False,0.002163252983494304,0.04837229824099103,0.005467206239700317,0.1391584277153015
21,0.03427366737424441,0.031220341555948102,True,0.0022196761007337983,0.0440964008855132,0.005758136510848999,0.14526398479938507
22,0.03422810234302168,0.03061393631612348,True,0.0019973776375079265,0.043248544413542866,0.005272388458251953,0.12103582918643951
23,0.031640000663617183,0.03202066101104583,False,0.0018707918681897019,0.04524539055714628,0.005261361598968506,0.12836331129074097
24,0.03197426860796635,0.03385839955447978,False,0.0024291606102084555,0.047821350680933614,0.005383610725402832,0.15457241237163544
25,0.03010755830526381,0.04137162164079921,False,0.00211198923542098,0.05847017608811789,0.004938900470733643,0.17730896174907684
26,0.03334239829457483,0.032123254145502496,False,0.0026771920735034842,0.04535018693741897,0.005930542945861816,0.15362690389156342
27,0.030922657245220225,0.02768281792002607,True,0.0022910780877836707,0.039082321859839654,0.005190789699554443,0.13174502551555634
28,0.03066859937899734,0.029332090511610148,False,0.0019370090285908293,0.04143659181735974,0.004781663417816162,0.13562069833278656
29,0.035105610992613626,0.03522858595392963,False,0.0028998191006292568,0.04973628264521915,0.006704896688461304,0.1281660497188568
30,0.0405838542092809,0.03441454173695075,False,0.001833996396563641,0.04863494424092793,0.004884809255599976,0.1539999544620514
31,0.03381356044316944,0.026389887539715932,True,0.0017678475619153737,0.03727904357080626,0.004333704710006714,0.12874050438404083
32,0.02796808478366882,0.02734025353828913,False,0.0015071263152675039,0.03863557209769742,0.004443943500518799,0.14951293170452118
33,0.027663964597424928,0.025274271479588738,True,0.0016513372403181021,0.035705052559570453,0.004005789756774902,0.1314980834722519
34,0.026792836255213864,0.024667429378227593,True,0.0014858867744877947,0.03485335360954596,0.0037529170513153076,0.1326068937778473
35,0.026284092518755957,0.024031340066867503,True,0.0014573475392379543,0.03395418848907992,0.004254639148712158,0.13122543692588806
36,0.03057637324994712,0.023871291645885844,True,0.0014534169293676535,0.033727803127718475,0.0034373700618743896,0.1251642256975174
37,0.02477016661407813,0.027122911967828393,False,0.0015491642466232032,0.03832629361269637,0.004348129034042358,0.15333543717861176
38,0.03157804360481532,0.027499417419385705,False,0.001980030732980862,0.038839607901012006,0.008033931255340576,0.11454088240861893
39,0.025306164374620216,0.028037533917961405,False,0.001364032676929494,0.0396275893021212,0.0037603676319122314,0.14565661549568176
40,0.027825330386945766,0.03434089654127274,False,0.0018485698823059184,0.048530165417619404,0.008858203887939453,0.11919189989566803
41,0.028398968101449217,0.027068835475529487,False,0.001792775514476833,0.03823911235629783,0.008689165115356445,0.11104720830917358
42,0.02662040994534701,0.02259089151875085,True,0.0016356388102076137,0.031906448282378555,0.003499925136566162,0.13147151470184326
43,0.02546366775715224,0.023986928031991678,False,0.001776616160771616,0.033876082925184986,0.0056111812591552734,0.10813048481941223
44,0.023630187313691323,0.02412810706293699,False,0.0012864570947466098,0.03409803719667758,0.0034010112285614014,0.1500074416399002
45,0.027518992732244424,0.02005001747442433,True,0.002088568961665552,0.028277982119918988,0.006111741065979004,0.10867400467395782
46,0.028238169908247086,0.026656958629294247,False,0.001742260141161965,0.03765835135876723,0.009527415037155151,0.10467785596847534
47,0.02843140990633624,0.020157467921743163,False,0.001438975155417727,0.028470623747155012,0.004503846168518066,0.11623452603816986
48,0.022356487815757966,0.020781331304161668,False,0.001383492671669224,0.02935665865508726,0.004827678203582764,0.1341056525707245
49,0.02395303833226494,0.019755256670037764,True,0.001376343553187621,0.027904229465824264,0.005233705043792725,0.11844727396965027
50,0.021653895692512106,0.019745714974472934,True,0.0014210565914666423,0.027888475870896597,0.006048470735549927,0.11380353569984436
51,0.022313866267048173,0.03269904310210936,False,0.0014649095619835508,0.046220221614687036,0.005198121070861816,0.16620774567127228
52,0.028803113642447486,0.021059322519345943,False,0.0015681961333950962,0.029741063860546965,0.007292419672012329,0.10244040191173553
53,0.02677778404910426,0.028455858762800962,False,0.001943138976574541,0.0401957215120583,0.00995376706123352,0.10947796702384949
54,0.029872667661143736,0.02273820490874251,False,0.0015384636119149685,0.032119854634677224,0.005600780248641968,0.08930286765098572
55,0.024065380107037418,0.018708565995719115,True,0.0014299179753324172,0.026419237648987112,0.006095200777053833,0.12193562090396881
56,0.020885278931332713,0.01980182270532879,False,0.0013724087159110807,0.027970355110355494,0.006699323654174805,0.11574137210845947
57,0.021035391502839066,0.018465303025728633,True,0.0014097386517689854,0.026075801729877175,0.00692373514175415,0.11265823245048523
58,0.022846060166750202,0.03863393651756187,False,0.0016143225757039924,0.054612783071893635,0.004798173904418945,0.16883540153503418
59,0.02496769094776529,0.022626723171838815,False,0.001243445762355001,0.0319748498237549,0.004024237394332886,0.14556099474430084
60,0.021620163679422447,0.019087003267069507,False,0.0018833581889973975,0.026927315233985637,0.008357644081115723,0.11153435707092285
61,0.02066158364540591,0.027933091176317915,False,0.0016603941475240855,0.03946844643818151,0.010597914457321167,0.10611873865127563
62,0.025234110982755426,0.03033560092600793,False,0.00196069873181608,0.042856192551660996,0.013115346431732178,0.11265826970338821
63,0.025561037594734954,0.024339694242916668,False,0.0016898505025713631,0.034380021866358856,0.009958237409591675,0.09289111196994781
64,0.02913128119169018,0.02203241064517983,False,0.0013137985742356388,0.031130824234962554,0.003436356782913208,0.14275619387626648
65,0.02528789970909125,0.03332368197515757,False,0.001279867103508962,0.047109423015816734,0.0038390755653381348,0.1649092584848404
66,0.025938650496893617,0.022562547642718284,False,0.0012496737331664685,0.03188377922132964,0.0036725997924804688,0.1261756867170334
67,0.021206190715560565,0.01791875923813128,True,0.0018843150758462305,0.025270796413773354,0.005860179662704468,0.11968015134334564
68,0.019596584456586585,0.018679914644017796,False,0.0012958711056299222,0.02638558699455861,0.003363192081451416,0.12393775582313538
69,0.01900429343978839,0.017055474871905663,True,0.0015527565199356975,0.02407005176074862,0.005950838327407837,0.11381661891937256
70,0.019584608883454934,0.028367801838208046,False,0.0017245392102148537,0.04008104867663042,0.00417715311050415,0.1559203416109085
71,0.020126651438421198,0.01687848453617303,True,0.001233712403916216,0.023837878818344947,0.005220770835876465,0.09390263259410858
72,0.017815241135984785,0.01722334218578929,False,0.0016282193628092353,0.024303002474111664,0.006273597478866577,0.11140312254428864
73,0.018564190438793496,0.017750113242587323,False,0.00107514833264634,0.025079416445281652,0.0034796595573425293,0.11128005385398865
74,0.017206759391135248,0.018727331316399837,False,0.0015545431958493082,0.026438782764826353,0.006593436002731323,0.10977621376514435
75,0.01638274904132059,0.019366719929074024,False,0.001099083397442137,0.027366616701320262,0.004793643951416016,0.13209424912929535
76,0.016719630951670852,0.015954020985485488,True,0.0011429652005175216,0.022533424174661285,0.005202114582061768,0.10433439910411835
77,0.017601247231911237,0.022471565344431177,False,0.001581330632666923,0.03174022521888019,0.010582268238067627,0.09491054713726044
78,0.022745465690042942,0.0169661589753214,False,0.0014505370050404834,0.023949886362803194,0.008388221263885498,0.09200870990753174
79,0.026213599993488105,0.01699286190974662,False,0.002269668978536197,0.02392411615455403,0.004800885915756226,0.10923333466053009
80,0.021321965562595246,0.01702594254415168,False,0.0018142912344498278,0.024009868232162113,0.004575669765472412,0.11890585720539093
81,0.017636581237173925,0.017479689809823423,False,0.0012264541293295359,0.02468957038992172,0.005240589380264282,0.11224091053009033
82,0.019944038064597252,0.01950105180314647,False,0.0014520806863220687,0.027540397273513435,0.00927358865737915,0.11153371632099152
83,0.017593625006931617,0.015364213291793037,True,0.002073650012651661,0.021629102863784305,0.007854878902435303,0.09440821409225464
84,0.016902805443083573,0.018558833010509652,False,0.0016900903120007844,0.026191681868250077,0.004023373126983643,0.1193280965089798
85,0.016006010858748955,0.017265300607438798,False,0.001281172195949255,0.024383185888900843,0.006895303726196289,0.11830379068851471
86,0.016491325060496165,0.015410413050959477,False,0.0010920197664623429,0.02176624087765169,0.004959315061569214,0.09733782708644867
87,0.015737121132704538,0.01984624648910689,False,0.0011626505612154123,0.02804273853773416,0.002804875373840332,0.1272866278886795
88,0.017293620522969382,0.018651151244504654,False,0.002226704342772456,0.026282554362198292,0.005940556526184082,0.08188669383525848
89,0.01611273741001389,0.022084611084060634,False,0.001185926165449723,0.031209831946299282,0.0040642619132995605,0.1392533779144287
90,0.02510938491800592,0.019865669408874298,False,0.002336377276766153,0.027996981520353795,0.00930696725845337,0.08416291326284409
91,0.024230994592929708,0.023140325647036736,False,0.002171069607274647,0.03265326668833343,0.012836337089538574,0.09508801996707916
92,0.021999017719509795,0.023215415907100613,False,0.003127016268279672,0.03268230157702576,0.012688994407653809,0.08717738091945648
93,0.022517026821988785,0.0193862017284538,False,0.001695371485357779,0.027363759621380667,0.010675042867660522,0.09292556345462799
94,0.026344761800325762,0.02255270290661628,False,0.0015350203864234382,0.03185737712904441,0.004112929105758667,0.12031640112400055
95,0.02597802696480479,0.02300908619475224,False,0.0013074644630680832,0.032513482731277986,0.004728257656097412,0.14823639392852783
96,0.019726500137670026,0.0157707147735276,False,0.0011789484907009876,0.022271977530645262,0.005113065242767334,0.10129432380199432
97,0.016825164618247825,0.01844454562508862,False,0.001435051960137232,0.02604502139735794,0.008796900510787964,0.09487806260585785
98,0.016864707464846803,0.01647925623972076,False,0.001477300619343066,0.023258318031911203,0.007222890853881836,0.104442298412323
99,0.015643862966660173,0.01638185398765968,False,0.0013117255481122213,0.023130276873732605,0.007263481616973877,0.09310539066791534
100,0.01529208832702983,0.015620763770670202,False,0.0012288168136080286,0.022056892838788804,0.007164120674133301,0.09936048090457916
101,0.015174689449456588,0.01881002984154779,False,0.0013186326174234137,0.02656869623197384,0.008387714624404907,0.07995292544364929
102,0.018492904382431098,0.01573084949471216,False,0.001369469544332853,0.0222045906826059,0.007973998785018921,0.09068478643894196
103,0.018258280284336625,0.014841069588083526,True,0.0012377231170716135,0.020951915438300397,0.00484958291053772,0.09280340373516083
104,0.017640168100305907,0.022808255827971774,False,0.0013841068008868104,0.03222603652987271,0.00557824969291687,0.14262479543685913
105,0.017364037527787233,0.017242316861741176,False,0.0017242628915046434,0.02432327843651621,0.009134680032730103,0.07892397046089172
106,0.019590958447993627,0.015216745054567802,False,0.0011019204292084402,0.021491496033050925,0.005908548831939697,0.09361493587493896
107,0.015566711047506189,0.015583503277307977,False,0.0014307924630446779,0.021991906740215728,0.006247997283935547,0.10233625769615173
108,0.014905453558249269,0.015898336549621177,False,0.001200627219170387,0.02245156258354689,0.0065268874168396,0.08801880478858948
109,0.016566273468385583,0.015663883138043535,False,0.0013705048510786314,0.02210963994632397,0.007769942283630371,0.09631586074829102
110,0.01413992330150354,0.016556037865759717,False,0.0011421112195237092,0.02338590207353698,0.005178987979888916,0.09601812064647675
111,0.015995472453362167,0.014994131196826407,False,0.0016872340134714817,0.021137670647810983,0.00642627477645874,0.09822611510753632
112,0.014242577370259248,0.016527145856773857,False,0.0013227181545092663,0.023335456236240205,0.008135169744491577,0.0848173201084137
113,0.015057071067480058,0.026995373350181828,False,0.002591062459870329,0.03808919330276669,0.010970592498779297,0.0958675891160965
114,0.017962635148570695,0.016019398837785262,False,0.0018434046459363238,0.022579728996825275,0.0047730207443237305,0.10736757516860962
115,0.015352590600610115,0.015845628339500935,False,0.0022766025711791135,0.022293160795484483,0.007479459047317505,0.08495938777923584
116,0.015763216028134127,0.014735022392846115,True,0.0013008207869007289,0.020797828007980402,0.006777703762054443,0.07612200081348419
117,0.01554884286453265,0.020256516905435354,False,0.0017768831609275176,0.02859188132355359,0.007597625255584717,0.07992665469646454
118,0.019552450161654873,0.018134396435785582,False,0.002419655739866429,0.025531509069799892,0.00677114725112915,0.07901126146316528
119,0.019139289676677888,0.01532115398578183,False,0.002937189198480187,0.021467379870553402,0.0056871771812438965,0.0920327752828598
120,0.015239987667691678,0.014645227239426312,True,0.0016635748366822768,0.020644560789522027,0.005823016166687012,0.09852977097034454
121,0.014440766587823766,0.01597217708315783,False,0.0011106948181473471,0.022560744781656473,0.0037161707878112793,0.10032762587070465
122,0.014709361136009038,0.01432448517635087,True,0.001388082124214019,0.020210269281395,0.006065815687179565,0.10011184215545654
123,0.015300612957950295,0.01793092044526318,False,0.0013570479914319729,0.025321813101941763,0.00839775800704956,0.0861651599407196
124,0.014682930015407304,0.013884652080546518,True,0.001355989733801475,0.019588987720646787,0.004860997200012207,0.09065288305282593
125,0.01373893528556162,0.01619777489770831,False,0.001321297782767321,0.022868973872373122,0.005267411470413208,0.10908150672912598
126,0.014224210248300706,0.014101730039240604,False,0.0014939883921438423,0.019886817894042008,0.004335731267929077,0.08357866108417511
127,0.016493603736479324,0.02264062902004293,False,0.001786322879057561,0.031968815653837024,0.00932389497756958,0.09690852463245392
128,0.02019847585005036,0.023466398384181058,False,0.0021472883978362243,0.033116956703711876,0.006364554166793823,0.12746775150299072
129,0.01918576350888587,0.015275966131306678,False,0.003000025973542846,0.021394159816660967,0.006302624940872192,0.0908588320016861
130,0.015230108182661479,0.015252166836922116,False,0.0012618865614152212,0.021532879608561265,0.006211817264556885,0.09068241715431213
131,0.015773091045154175,0.017592289304146486,False,0.001101195348615639,0.024854872840741397,0.00335007905960083,0.1180008053779602
132,0.013649018025591554,0.014512826715532504,False,0.0010925701452722447,0.020495134931005812,0.006410837173461914,0.083634153008461
133,0.013558318691361567,0.013964138146560825,False,0.001382843412113384,0.019699798145998267,0.006690919399261475,0.09197326004505157
134,0.013964418258053644,0.015233925971725211,False,0.00152796626369972,0.02148977450230901,0.0038568973541259766,0.0979727953672409
135,0.014702766987998193,0.01883811004791693,False,0.0016802168522456976,0.026588072808466146,0.005010068416595459,0.11417894065380096
136,0.014638459535319913,0.014750536508319392,False,0.0011200726411452957,0.02083031612641205,0.0046440958976745605,0.09614250063896179
137,0.016329571450177865,0.015969500473195848,False,0.0012368819850571814,0.022550388181436787,0.004971325397491455,0.06916134059429169
138,0.016141336361075356,0.023132289997166103,False,0.0014808324238243882,0.03268046494301745,0.003975361585617065,0.13072733581066132
139,0.025335176317712843,0.01431177782648016,False,0.0010288772279205642,0.020213741235567774,0.004327654838562012,0.07826080918312073
140,0.02243672449216383,0.01700362869915142,False,0.0016477677457283988,0.023990240653426267,0.00841909646987915,0.11589306592941284
141,0.019758658389331375,0.016416845277997232,False,0.0013583215796355345,0.02317715731441106,0.007089495658874512,0.08167555183172226
142,0.01581254885277379,0.01603944942836366,False,0.0012888920205718058,0.022646559912130788,0.006890207529067993,0.09460806846618652
143,0.016906823413760985,0.017291515333641382,False,0.001034598758846486,0.024431999293262428,0.00332525372505188,0.11187554895877838
144,0.016969977535701394,0.01575029768880062,False,0.001319226061755003,0.022235184699988912,0.0034919381141662598,0.09193742275238037
145,0.01761937779573152,0.016766650152549835,False,0.0017700310410750171,0.02364546677418028,0.007090866565704346,0.09134413301944733
146,0.01575742627010656,0.0172250204034018,False,0.0010818025531631704,0.024335823579279704,0.0028760433197021484,0.09805595874786377
147,0.015221373027043543,0.02001173169859587,False,0.00160295450353072,0.028255431076203152,0.0035419762134552,0.12679456174373627
148,0.016007706752786455,0.015185001492289447,False,0.0018003482840821205,0.02139923500233668,0.007109522819519043,0.07329997420310974
149,0.01327928540353846,0.017266754279597493,False,0.0011678054115358222,0.02439093829802345,0.0058904290199279785,0.08149781823158264
150,0.01789459927360443,0.013309800966035816,True,0.0012551358365392121,0.01878100702331707,0.0038496851921081543,0.08530159294605255
151,0.017050111086719836,0.025964115322851537,False,0.0013254743962249924,0.036694873239894336,0.005072891712188721,0.1268608123064041
152,0.02067597602363446,0.014589370211738683,False,0.001725553440923831,0.020560202210752523,0.004422187805175781,0.08782690763473511
153,0.014784772363330936,0.01610662799806308,False,0.0025400871492664424,0.022636141773799655,0.005105495452880859,0.08552862703800201
154,0.013562001698962137,0.01587881160370044,False,0.0012569191601960886,0.022420826631553408,0.004097282886505127,0.10396634042263031
155,0.01563444245110412,0.021898141183934,False,0.0013190383205953606,0.030940544238734973,0.004405468702316284,0.11626127362251282
156,0.015720257907346293,0.014193574342350409,False,0.002412923952714196,0.019927189856633533,0.0048025548458099365,0.09660333395004272
157,0.013634917387865552,0.015382447236462864,False,0.0022045066682886702,0.02164207581019002,0.005072087049484253,0.0748589038848877
158,0.019173498225085024,0.013676743406937138,False,0.0013166829080552111,0.019296967727229847,0.0033658742904663086,0.07927261292934418
159,0.017831902493531736,0.014558593681679355,False,0.0029224266039011857,0.02038049801742377,0.007545143365859985,0.09424878656864166
160,0.0131992919335567,0.013212531614254487,True,0.0011735472615734773,0.01864845275239037,0.0034016668796539307,0.07886748015880585
161,0.012394455901302906,0.01407540543767988,False,0.0015541882018887704,0.019844863270897434,0.003157585859298706,0.0940474420785904
162,0.01297239066818521,0.015128936612911079,False,0.001768253633505468,0.02132235251549899,0.003557264804840088,0.09763799607753754
163,0.013961907209592745,0.014721794033080932,False,0.0019349269277690755,0.02072965321357211,0.0037799477577209473,0.09203018248081207
164,0.014002311870190786,0.01318403040198132,True,0.0011186443223695837,0.01861144657739837,0.002483367919921875,0.0841713696718216
165,0.013405313768382193,0.014539224080023705,False,0.0011437083721142906,0.020529734157463075,0.0031153857707977295,0.0952102541923523
166,0.016824241204982226,0.023568586492072444,False,0.0012065819083715698,0.03330916833275728,0.005098700523376465,0.09366919100284576
167,0.020301518189265434,0.014591782203649581,False,0.0033325226752297797,0.020365031795165474,0.005702584981918335,0.08607529103755951
168,0.016027481565478185,0.01957981390073204,False,0.0028646612557511096,0.027541458248874613,0.0072400569915771484,0.08106940984725952
169,0.015934215181006572,0.014969918061865038,False,0.0012269729292794529,0.021135076465018266,0.006287753582000732,0.08192053437232971
170,0.013029573949474117,0.013738165379708893,False,0.0011320535929919516,0.019395691605475912,0.005390435457229614,0.0827336460351944
171,0.013823328310383173,0.015555467717027614,False,0.0010443879417387592,0.021973947910914574,0.0025814175605773926,0.09320592880249023
172,0.016996337793348068,0.03082158454716393,False,0.001745996460608399,0.04355331854956867,0.006342202425003052,0.12611907720565796
173,0.022236144894802856,0.02585565944410545,False,0.002517189060692197,0.03647868122214998,0.007513910531997681,0.12858669459819794
174,0.01998277152424301,0.01322402450111578,False,0.001548535465903936,0.018637372544541696,0.004274040460586548,0.08594654500484467
175,0.014711046080758815,0.01562213647948461,False,0.003616960889495071,0.02179495052674536,0.005833715200424194,0.09406378865242004
176,0.014431098255804664,0.014761902532924925,False,0.0030340071857952156,0.02065483818517229,0.005752742290496826,0.10158683359622955
177,0.016344942355702805,0.015510606742218993,False,0.0016447203404569698,0.021873562203566902,0.0035685598850250244,0.09030982851982117
178,0.013392548923950412,0.014272120560128266,False,0.0012316932521029922,0.020146209883195203,0.0031679272651672363,0.09196566045284271
179,0.013630030430871454,0.0159659163789299,False,0.001535126024971961,0.022526970492307348,0.004002034664154053,0.1042327731847763
180,0.012623346196166266,0.012730637335326752,True,0.0011204425661156953,0.017968940733850986,0.00266873836517334,0.08384031057357788
181,0.012386219756800605,0.0141479686378168,False,0.0018599129535860107,0.019921615776544645,0.0042028725147247314,0.0869733989238739
182,0.012010213570129694,0.013390183394771892,False,0.001043331078183153,0.018907815655597005,0.004183441400527954,0.06597210466861725
183,0.011815106197150524,0.013052381899462775,False,0.001557991668923112,0.018392987628618084,0.0036784708499908447,0.07427358627319336
184,0.012391803935075576,0.013433927061694028,False,0.0017734193829509572,0.018915489408059687,0.003909379243850708,0.0770607590675354
185,0.014885340664522718,0.015877180996973713,False,0.0015066531261307041,0.022403119139484985,0.003620445728302002,0.09871330857276917
186,0.014142362332446116,0.013554367809208436,False,0.001070818842786325,0.019138837020430906,0.002919107675552368,0.08709883689880371
187,0.01394861303316506,0.014497755226563746,False,0.0014434413848907015,0.02045204777900695,0.0031275153160095215,0.0950373113155365
188,0.014319926598715794,0.013071472175948581,False,0.0014461354571980946,0.018429201959170582,0.004019021987915039,0.07116566598415375
189,0.01213074166683339,0.012992045746120002,False,0.0011093821596438026,0.018340004431738704,0.002967625856399536,0.07690256834030151
190,0.012177569642760065,0.01376775517067763,False,0.001064276395886263,0.019441437456222056,0.004830896854400635,0.08008451759815216
191,0.01232166907477662,0.014445685069807153,False,0.0011374853811771375,0.02039759285762205,0.002728879451751709,0.08515679836273193
192,0.011399073515787934,0.012325923812309177,True,0.0011630208631093519,0.01739264689543813,0.003746241331100464,0.075981006026268
193,0.011443757948196274,0.012696900176759875,False,0.0011612087839672294,0.017918542892034543,0.0026450753211975098,0.07551461458206177
194,0.012402371704845557,0.014809287213475639,False,0.0012147178170056783,0.02090823843898223,0.0056476593017578125,0.07033552974462509
195,0.013449199323665577,0.01260893440702897,False,0.000978454418692777,0.01780486106202117,0.002876758575439453,0.07618430256843567
196,0.012055149211344873,0.012475166854985998,False,0.0019438607695869536,0.01753513523197423,0.003942728042602539,0.075132355093956
197,0.012561176584706173,0.019440164365800847,False,0.0013678128199330682,0.027458497660736828,0.008162915706634521,0.06975376605987549
198,0.014870201844719185,0.012009087716358315,True,0.0018518422239024365,0.016882152101379944,0.004238933324813843,0.06353877484798431
199,0.012589062554730255,0.012178725326189441,False,0.0014005727376862449,0.017166276719272112,0.003151237964630127,0.07263995707035065
200,0.011578655381059491,0.014170318278545901,False,0.001092775862458217,0.020010038777055966,0.0030494630336761475,0.06444510817527771
201,0.014157961732148474,0.013940705598950064,False,0.002299479925556974,0.019580574933073015,0.004433572292327881,0.0877232551574707
202,0.016960308935432208,0.01774158571185192,False,0.0013827732338514613,0.025052257957398436,0.003830432891845703,0.10005180537700653
203,0.02000207732226632,0.02395331102922318,False,0.0016639549760957145,0.03383420453492409,0.008610427379608154,0.09901976585388184
204,0.021534549825938533,0.03170049031375582,False,0.003377529382973073,0.044703854289234415,0.011461317539215088,0.10091237723827362
205,0.02318365998487644,0.023944258853388897,False,0.001922121724586441,0.033807698937116167,0.0075424909591674805,0.09665805101394653
206,0.02113948393322491,0.016322731126458254,False,0.0024051617857531156,0.022958185594975304,0.007419109344482422,0.08003254234790802
207,0.0186990405529035,0.02185337325917517,False,0.002019285414645102,0.030839298453652984,0.007322907447814941,0.08643635362386703
208,0.01880535127402813,0.021848549561471312,False,0.0014081316962806603,0.03086641297784341,0.005742281675338745,0.09328723698854446
209,0.015555526023181169,0.015254723579499264,False,0.001502517744378377,0.021521050403892118,0.007379978895187378,0.08022460341453552
210,0.014247276503525922,0.01796176544009333,False,0.002055926658695665,0.02531843560291278,0.004242837429046631,0.08149534463882446
211,0.01354780268270193,0.013426036293858178,False,0.001263291514581257,0.018945208898241375,0.004114687442779541,0.07171769440174103
212,0.011380584210275812,0.012452133459471547,False,0.000926350063490282,0.017585593862069787,0.0022847354412078857,0.06374472379684448
213,0.010960088567431034,0.014287018583352127,False,0.001571525237342667,0.02014368682239507,0.003477036952972412,0.08888909220695496
214,0.012711423041666097,0.015894312335119527,False,0.0011426465447533978,0.022448891021502868,0.00410798192024231,0.08510087430477142
215,0.012762107395039697,0.0131108027297092,False,0.001475172212732797,0.018482699156423393,0.004040360450744629,0.07424354553222656
216,0.011658616736928763,0.01420873497550719,False,0.0017952236476654925,0.020013832816456585,0.004121333360671997,0.09396423399448395
217,0.01246424063936271,0.012608921019513355,False,0.0010888616757269418,0.017798431999254922,0.002910614013671875,0.08010482788085938
218,0.012200119923064254,0.014700921925061568,False,0.0012905702118351525,0.02075014779708977,0.0060350000858306885,0.08538897335529327
219,0.012672073345200293,0.013547156049278043,False,0.0013394150540554138,0.01911169390944809,0.00390961766242981,0.0852169543504715
220,0.012855320885820736,0.013009100286785624,False,0.0013186600682174251,0.01835032719501827,0.003943026065826416,0.06393459439277649
221,0.013447663201896795,0.013710370958882598,False,0.0015660430530503036,0.019326045776580345,0.0037131905555725098,0.08028270304203033
222,0.012946013902440998,0.022263760237656898,False,0.0015004421425305592,0.03144994044159904,0.007159590721130371,0.08690491318702698
223,0.01665185702219474,0.015128972009308567,False,0.002710195157522868,0.02122325328034172,0.005095094442367554,0.0770251452922821
224,0.014330278493448019,0.015151574935251022,False,0.0024271132388309644,0.021289659413010052,0.007291734218597412,0.07273423671722412
225,0.013041681339395726,0.013103429025144098,False,0.001381839267352645,0.018479454457378006,0.0035831034183502197,0.0757732093334198
226,0.012830138361799777,0.0134940831692094,False,0.0011925306279460604,0.01904621830137529,0.0028917789459228516,0.082966148853302
227,0.011973162100389366,0.013467500929654508,False,0.001082640302047397,0.019015126782491034,0.00286179780960083,0.07946085929870605
228,0.011656890959860937,0.013871789390300225,False,0.0012714890138992676,0.019576424569374685,0.0031376779079437256,0.06832738220691681
229,0.012733234856712298,0.013489042684973978,False,0.0027298855594057735,0.01888004938694487,0.00523027777671814,0.08192098140716553
230,0.01440738459733177,0.02082020475062675,False,0.002128132474585473,0.029367208297145713,0.005148738622665405,0.10107259452342987
231,0.019591257721465565,0.019827930685463468,False,0.0027088671326191346,0.027909777620709106,0.006692558526992798,0.09554772078990936
232,0.015850851550554896,0.013136785911980486,False,0.00139895570859886,0.018525474540106144,0.0035853981971740723,0.06504787504673004
233,0.014564589912555076,0.013533905943112783,False,0.0028698009616182543,0.018923463339926158,0.006134718656539917,0.07241937518119812
234,0.012173239145318654,0.013555045016655535,False,0.0012527571235148173,0.01912874928706627,0.0033086836338043213,0.06589971482753754
235,0.011473260870373952,0.0120315159885927,False,0.0014319471148927182,0.01695477104106666,0.0043104588985443115,0.06327340006828308
236,0.010613918987033113,0.011919678279119664,True,0.0021082864114176313,0.016724610126089504,0.004459887742996216,0.05946257337927818
237,0.011732620642384489,0.01727997195629473,False,0.0013352058941274868,0.024401066181953573,0.0035551786422729492,0.06991781294345856
238,0.01280996182114332,0.014829139357723724,False,0.0013880766859040799,0.020925581986484587,0.005455464124679565,0.07330983877182007
239,0.01205840928977182,0.01392654054398819,False,0.0011753421751924612,0.01966000200503284,0.0034635066986083984,0.06397686898708344
240,0.012168732732142827,0.011360897555757808,True,0.0010674393167120918,0.016031237005949796,0.0036171674728393555,0.05951987951993942
241,0.010832399390325041,0.0154619591670793,False,0.0009827577506659473,0.021844415486039482,0.002459883689880371,0.06886175274848938
242,0.012559350682076316,0.01614137786423128,False,0.001193387701661489,0.022796140611884674,0.006325453519821167,0.07371670007705688
243,0.013037650444874375,0.01553618326430114,False,0.0013520486011044982,0.021929842245088003,0.004653215408325195,0.07448947429656982
244,0.012447249037670059,0.014676606591171742,False,0.0014019600213633348,0.020708453644259738,0.0032750368118286133,0.06839317083358765
245,0.012187631537293369,0.013016460797148816,False,0.001134797021620065,0.01837304321764292,0.005168050527572632,0.06250438839197159
246,0.015166400379109692,0.01746298512351209,False,0.0016107994534452087,0.024643805048883742,0.004025191068649292,0.07699960470199585
247,0.014059616435028177,0.01760119341760895,False,0.0018672387852269414,0.02482171375412467,0.004871755838394165,0.07500287890434265
248,0.012973770972014928,0.012156573917969178,False,0.0012958115881967934,0.01714308823092439,0.003072381019592285,0.07391364872455597
249,0.010593641397766555,0.012432665254510315,False,0.0014754220114005664,0.01752043037595179,0.003896951675415039,0.07832410931587219
250,0.011903546175435839,0.012950735751284574,False,0.0011379172247872398,0.018279722972207445,0.0037734508514404297,0.05899208411574364
251,0.011119000503969023,0.012360181442467985,False,0.0018169721832458684,0.01738524647613311,0.0038604736328125,0.07211419939994812
252,0.01093591722734193,0.012836070288739218,False,0.0023296831237637054,0.018002832524715368,0.004792749881744385,0.07255801558494568
253,0.010504381454237242,0.0147239313254116,False,0.0011626907686697505,0.020790295801204034,0.002984553575515747,0.06985652446746826
254,0.010998485562379466,0.010995167778793889,True,0.0017500114439878553,0.015450723860495636,0.003982841968536377,0.054029058665037155
255,0.010722702261252305,0.01170963190911429,False,0.0013812799012153552,0.01650221353235795,0.0031588077545166016,0.05724097415804863
256,0.013196138071759391,0.022682818915060153,False,0.0014841941192728877,0.03204399762378815,0.004988580942153931,0.07662545889616013
257,0.017294944779616996,0.01603055147922782,False,0.0038429651036868523,0.02234253149778202,0.006271243095397949,0.07865981757640839
258,0.013487301475511512,0.015030250351760263,False,0.0026999805019654113,0.021083808251511515,0.0068187713623046875,0.07171264290809631
259,0.01197436415916623,0.010987807810002515,True,0.0021205291011848803,0.015393738425678715,0.004521787166595459,0.05592137202620506
260,0.011293721274215454,0.013513930402621308,False,0.0011664526195297414,0.01907595259934014,0.0035713016986846924,0.07602904736995697
261,0.011614960311569007,0.011479169872696574,False,0.0028367097927981407,0.015984234489268945,0.005480945110321045,0.05596957728266716
262,0.010704308217713777,0.013751519627884078,False,0.0016635789370099004,0.01937630165922885,0.003815770149230957,0.08789896965026855
263,0.012216198253498177,0.01532088120298344,False,0.0023489356570624417,0.021539294966286197,0.006273537874221802,0.08599373698234558
264,0.013723354675773732,0.012611005607629502,False,0.0025885481325282813,0.017645802286768927,0.005961954593658447,0.06455115973949432
265,0.0135973830012196,0.018412381236840268,False,0.001224670593737948,0.026010222425328796,0.0034101903438568115,0.0780586451292038
266,0.014483169777679444,0.014853396230264174,False,0.002064590054461202,0.02090416900972033,0.008002698421478271,0.0701030045747757
267,0.012645179792379953,0.013528678077935303,False,0.0014269883322004507,0.019079150160045036,0.004147380590438843,0.06393560767173767
268,0.011480664623753245,0.01540423614951404,False,0.002172437856835255,0.021676287942980405,0.006593167781829834,0.10401472449302673
269,0.012885069372399674,0.011416778522645988,False,0.002421036846708936,0.01596321538251529,0.005457431077957153,0.05852494016289711
270,0.012118438977461147,0.012526084368385789,False,0.001650635915594881,0.017637488342045756,0.004433006048202515,0.07096248865127563
271,0.013934595307993475,0.016764242054765857,False,0.0016227516590891294,0.0236526183609334,0.0059507787227630615,0.09856784343719482
272,0.018309679877822733,0.014530936892786799,False,0.0028431850026167916,0.020352212663028987,0.00632476806640625,0.07482762634754181
273,0.012805110869411317,0.018613914026670342,False,0.0015872352646413013,0.026276154906189873,0.006583452224731445,0.11233033239841461
274,0.014926170405401104,0.017565154217412365,False,0.0029452037204631167,0.02466566520561016,0.006220221519470215,0.10483869910240173
275,0.013817325428367253,0.01260891040181845,False,0.0014253736419151456,0.017774632565700124,0.0036672651767730713,0.057581763714551926
276,0.01090327281931466,0.011536063837574837,False,0.0020110729790377476,0.016190031082968476,0.004671990871429443,0.0651182234287262
277,0.011260172421443464,0.011866768690677452,False,0.0015644307891719265,0.016709067970392275,0.0034420788288116455,0.06094449386000633
278,0.012117811484593023,0.014093154206074177,False,0.001681323654593741,0.019859686491524538,0.003915607929229736,0.06305448710918427
279,0.012548890230060911,0.012015650656168003,False,0.0010748756564865735,0.016958667177737356,0.0030270814895629883,0.07621435821056366
280,0.012520380585772076,0.011535351865577923,False,0.0019221505878782676,0.016199815192049653,0.0044727623462677,0.0649644285440445
281,0.012704571185441786,0.01511046070194319,False,0.0018373651839410938,0.021290282774433598,0.006775885820388794,0.08872869610786438
282,0.013826394218933332,0.01626055274524501,False,0.0025793902846445002,0.022850773055957334,0.00652623176574707,0.08170676231384277
283,0.01597502204669733,0.020781433258826115,False,0.0021870452391392846,0.029307897401611365,0.007317245006561279,0.11480654776096344
284,0.01690523837640901,0.011890263903783055,False,0.0014827039313497364,0.01674987655076397,0.004260122776031494,0.061589598655700684
285,0.015644941284535054,0.014674611549378295,False,0.0028268068884307364,0.020559611071901032,0.009453266859054565,0.09232042729854584
286,0.012140246111148377,0.011886068780461645,False,0.003632857198401769,0.016412177888236266,0.007836788892745972,0.05453711375594139
287,0.01113490915024232,0.01258221741111959,False,0.002678332201587344,0.017591217251700205,0.006638228893280029,0.0735694169998169
288,0.0118725119284573,0.01488661333921134,False,0.001382328140502677,0.021007419459084038,0.005638450384140015,0.07952076196670532
289,0.011282459826651624,0.012040879066262186,False,0.0018102731183009513,0.016931876625680735,0.0036157965660095215,0.07046408951282501
290,0.010496912687298972,0.013103548518975536,False,0.001270777306890088,0.01848759252896312,0.0040666162967681885,0.06623594462871552
291,0.011185981537099184,0.012688196462039416,False,0.0022693891807550304,0.01779973421748912,0.005332857370376587,0.07089312374591827
292,0.01218898436189571,0.017527978948497117,False,0.0022199374188499954,0.024688701841821054,0.0073511600494384766,0.09895624220371246
293,0.014661947436033013,0.011416683691430044,False,0.001430218857401054,0.016082157796779274,0.0038364827632904053,0.05776102468371391
294,0.01175079515923694,0.014078551310838563,False,0.0015665666946067867,0.019848354567563446,0.006288707256317139,0.08388467133045197
295,0.011411460361742617,0.016067457063174476,False,0.0033310002271418706,0.02247733885637837,0.006256997585296631,0.09190700948238373
296,0.01298741763432014,0.012477667517298275,False,0.0015226785356978333,0.017580267987488456,0.00365525484085083,0.06065201386809349
297,0.010205839978220827,0.011309519649148716,False,0.0024737195568447176,0.015801619889409643,0.004751116037368774,0.05797448754310608
298,0.009979686032807175,0.01719204994145935,False,0.002217083377588848,0.024211933730346732,0.00573652982711792,0.0938163548707962
299,0.015236761666460038,0.014998214535944097,False,0.0019408266290429155,0.02112169622087961,0.00987166166305542,0.07856011390686035
300,0.011495269552153175,0.011957701219216377,False,0.001501004363601707,0.016843996099698322,0.0036807656288146973,0.07102639973163605
301,0.009478507049448337,0.015291985830969159,False,0.0013872945267664907,0.021581591303902505,0.0035749971866607666,0.07025009393692017
302,0.010638478728197873,0.01208358910991451,False,0.0017160674391378773,0.01700239286122475,0.005629420280456543,0.05955801531672478
303,0.01161960498651554,0.015104815486970659,False,0.0012967888580818758,0.021322036937966384,0.0046555399894714355,0.06900395452976227
304,0.011437541589872145,0.013316348362066972,False,0.0028169018446033384,0.018620293478217,0.006755709648132324,0.06304146349430084
305,0.011605446527012219,0.015180429289319255,False,0.0018567208681514924,0.021387927356518642,0.005164444446563721,0.06665793061256409
306,0.014063011627330566,0.01334230949978994,False,0.0018059707137378393,0.018782250414606926,0.004329174757003784,0.06071964278817177
307,0.010876482611405131,0.011800535238922277,False,0.0017687326307658125,0.016594481360487686,0.0037841200828552246,0.06889748573303223
308,0.009333448587481346,0.012182845952517805,False,0.0013743952444335138,0.01717423921780906,0.0042382776737213135,0.06920839846134186
309,0.01179893964981773,0.013105793823127597,False,0.0015168540018762736,0.018472215925515765,0.008582651615142822,0.06634321808815002
310,0.011521149115674355,0.011887734668402995,False,0.003329285753031646,0.016478845795564058,0.005965709686279297,0.058036740869283676
311,0.009660344603065694,0.011551009143662068,False,0.0019576549152554986,0.016217867679796463,0.005309998989105225,0.05838494375348091
312,0.009622258419094802,0.012087242315716612,False,0.0014171919299267581,0.017035094164179955,0.003817945718765259,0.062192801386117935
313,0.010777320433110665,0.011021786266162509,False,0.002473328332670504,0.015389677577702517,0.0057732462882995605,0.06164373829960823
314,0.010798147446529223,0.012167819463845823,False,0.0016676309161295082,0.0171269001433016,0.005336880683898926,0.07142101228237152
315,0.010260234259062372,0.011439064447509346,False,0.002148634457229971,0.016033956312057937,0.004802674055099487,0.06437595188617706
316,0.010994170020012762,0.011526681051559896,False,0.0012576279342816916,0.01625260461739913,0.0057405829429626465,0.07072374224662781
317,0.00992155218930438,0.01079614752435104,True,0.0011708466636067918,0.01522309821252995,0.003184497356414795,0.05711072310805321
318,0.012312247089228547,0.010214600842798875,True,0.0012211684740711089,0.014393919099708066,0.003686368465423584,0.047412749379873276
319,0.013070187089696993,0.017422831203324142,False,0.0018138379070861857,0.024572750305690966,0.004884243011474609,0.0634911060333252
320,0.014245602823988077,0.013533481870024852,False,0.00176201048390703,0.019057954491521617,0.0058817267417907715,0.06979072093963623
321,0.01306252163789408,0.013637826449770673,False,0.0014898928207934157,0.019229165691509686,0.006182193756103516,0.07360270619392395
322,0.012570216243211982,0.011996387761921827,False,0.0018213559622916409,0.016867403206808677,0.004706859588623047,0.06560593843460083
323,0.011324808553061788,0.011570910382487197,False,0.0019873967774714685,0.01624260432074105,0.005851387977600098,0.06395949423313141
324,0.01109443801011492,0.015074478904375199,False,0.0025369051849010345,0.021167046965953867,0.005439430475234985,0.0912824422121048
325,0.011132022249352521,0.013954206396735997,False,0.004474822005706724,0.019220190207474775,0.007526665925979614,0.06475886702537537
326,0.013973184060554759,0.013591543983269864,False,0.0035579542542378143,0.018889179099069626,0.006126672029495239,0.05912643298506737
327,0.01196849192911083,0.011142242666472237,False,0.0017990448595095704,0.015654475008212206,0.005857378244400024,0.05508432909846306
328,0.011640593780798066,0.019792027010063322,False,0.0020901535333222557,0.02791200241299,0.007926613092422485,0.09544442594051361
329,0.014615452359597414,0.011360515335556546,False,0.0015471880831240425,0.015991523244589065,0.0046746134757995605,0.057876866310834885
330,0.013126392086834247,0.014914202234114151,False,0.0016130029691656027,0.02103010018558317,0.007385134696960449,0.08188226819038391
331,0.011973505052990734,0.012383485521564725,False,0.0012608938532919925,0.017467442379335788,0.0037210583686828613,0.060463499277830124
332,0.017159906046134904,0.026045856337488068,False,0.0018839307380310673,0.03678619171974748,0.01002657413482666,0.09490135312080383
333,0.015741858180960244,0.013491419708757283,False,0.0013312638985360683,0.01903324857249346,0.0034147799015045166,0.0777822881937027
334,0.010908429124145316,0.013887637046974469,False,0.0017723483353306794,0.01955995179317177,0.0042517781257629395,0.0709904357790947
335,0.011113577653784356,0.012474781447150021,False,0.0012291001799887616,0.017599137648192677,0.004655063152313232,0.06892645359039307
336,0.010424054289155145,0.01288337973519328,False,0.001172839205166198,0.018182062131663467,0.004591464996337891,0.05919769033789635
337,0.011122520703635374,0.011920704221514472,False,0.002310243149671996,0.01669937588244122,0.0049408674240112305,0.05224361643195152
338,0.011960091201409343,0.015112358148631252,False,0.0028553590023268527,0.021180501892307618,0.00585705041885376,0.07313024997711182
339,0.012289538284930372,0.013665493685039972,False,0.0014777848073979634,0.019269343535512132,0.0049988627433776855,0.06514173001050949
340,0.011753758784731084,0.011752419977740328,False,0.0024700849663507607,0.016435858569983336,0.005241721868515015,0.057741086930036545
341,0.010837238836071586,0.017414061179659466,False,0.0030634229159879314,0.024435927137078386,0.007827609777450562,0.09897187352180481
342,0.01282055018869121,0.009748742292206455,True,0.0013441870844968162,0.01372111937546505,0.004258692264556885,0.04766346514225006
343,0.010599095616883377,0.013456895980514976,False,0.0022410710914204397,0.018898511378667025,0.007599353790283203,0.0706450492143631
344,0.011503596189064755,0.012037096700703442,False,0.001615671389840151,0.016946179213019722,0.0038541853427886963,0.05986001715064049
345,0.011443862450353394,0.013898904218444233,False,0.0032150331016447264,0.0193913035573738,0.006382077932357788,0.0888582319021225
346,0.012433226976641464,0.015769362380706597,False,0.0014531986468024742,0.02225384819045954,0.0063849687576293945,0.1019805371761322
347,0.013656156657145735,0.01982588267742542,False,0.0021748374151284067,0.027953555172573624,0.005135655403137207,0.09852753579616547
348,0.017270628751520103,0.016223172947705873,False,0.003539149608353194,0.02266841717923492,0.01664331555366516,0.07920609414577484
349,0.013467997881482346,0.012630507233776313,False,0.005222495266295689,0.017081715149291507,0.009410470724105835,0.07518020272254944
350,0.01055500194242117,0.01314623183321126,False,0.0033904270898421265,0.018279819773904558,0.006318181753158569,0.07436341047286987
351,0.013815049639910659,0.013960202236031482,False,0.004479953573494405,0.0192277017540292,0.007618129253387451,0.08361519873142242
352,0.015266513603197836,0.013262749067994871,False,0.0035932542867826004,0.018408953400962883,0.008451133966445923,0.062047503888607025
353,0.011631862530004007,0.01735476135157654,False,0.0034217839788566184,0.024303637641308475,0.009610652923583984,0.10449433326721191
354,0.012399245594019701,0.01310456617135327,False,0.001908394526779799,0.018434134161970452,0.005057632923126221,0.050452422350645065
355,0.011370889221250478,0.011484434608544817,False,0.0019072309457710981,0.016129071994695772,0.005343377590179443,0.05824187770485878
356,0.011747481245239558,0.010872411347185895,False,0.001362935734235958,0.015315386520769548,0.0046333372592926025,0.05574806407094002
357,0.010105574291975856,0.01246651891072485,False,0.0015013669047939104,0.017566276239130763,0.004506319761276245,0.07306447625160217
358,0.010207394286881147,0.011202903275344034,False,0.0016459005257576963,0.01575757275263279,0.005591005086898804,0.05991740897297859
359,0.01016288358121898,0.011899544907305626,False,0.001889936698691283,0.016722035853856804,0.003958314657211304,0.05498082563281059
360,0.01043051751350369,0.010275122854198501,False,0.001540629142474927,0.014449316728037492,0.004366099834442139,0.05726705119013786
361,0.010367709451623689,0.011471175633692713,False,0.003089656819884361,0.015925758304724445,0.007283657789230347,0.07232028245925903
362,0.012056783310760039,0.019436739901725078,False,0.0016741246715866907,0.027436672426855553,0.005800396203994751,0.10882696509361267
363,0.01380788738385986,0.016194025662975203,False,0.003946567690704811,0.022559200831910216,0.010368049144744873,0.0764736533164978
364,0.012876596367174309,0.01380695387910814,False,0.001935144074458104,0.019429853213531165,0.00715598464012146,0.08022679388523102
365,0.011144863075526342,0.014625837853520179,False,0.002135662701632717,0.02057350739805942,0.005060702562332153,0.06575015187263489
366,0.011657696687156776,0.014479326970827624,False,0.002340452319310508,0.02034266597742677,0.005769580602645874,0.07354170083999634
367,0.011777156980469355,0.01380163670363032,False,0.002570739176592597,0.019348427322198335,0.005061089992523193,0.07486264407634735
368,0.017087988938581208,0.02080778577112067,False,0.0018527700301453666,0.02936826907817663,0.006945788860321045,0.12060040235519409
369,0.01585192847311194,0.014506520409428377,False,0.005376829530956186,0.019798180905138622,0.007983475923538208,0.0728759914636612
370,0.013402164957097102,0.021033825349632537,False,0.0032738755600623948,0.029565611759195327,0.01790580153465271,0.08805917203426361
371,0.017322722230881948,0.021717349408635296,False,0.0037750499326665264,0.03048008561177696,0.0077190399169921875,0.08579494059085846
372,0.016918888489779037,0.013408623881173648,False,0.002634939420093849,0.01877869667546167,0.00674813985824585,0.06731303036212921
373,0.01246546241410303,0.012259609002174432,False,0.005571675316462586,0.016418052866899725,0.011227935552597046,0.05685358867049217
374,0.010783435017577106,0.012776680762088965,False,0.004414197013238037,0.017521472874349447,0.008012950420379639,0.07585856318473816
375,0.01096222960656503,0.013351005329126926,False,0.0024396580904395247,0.018722894194109902,0.005317658185958862,0.07932810485363007
376,0.014426916022823004,0.012040101223123873,False,0.001588129359964734,0.016953050963727956,0.0046003758907318115,0.05499653145670891
377,0.013501528061265599,0.010871314318102216,False,0.004392659265439606,0.014733481697893541,0.008202731609344482,0.057008977979421616
378,0.013275836460275678,0.01569664592547289,False,0.0050848186031419015,0.021608193105922914,0.009688079357147217,0.06914478540420532
379,0.011810058992687576,0.013351784837912805,False,0.0019619834884592297,0.018780067297118695,0.004977047443389893,0.06728126108646393
380,0.011521268991031092,0.011786610597520227,False,0.0017267085590664877,0.016579109323116323,0.0044997334480285645,0.05927353724837303
381,0.012227574315446714,0.011218571580793663,False,0.0013571627919797902,0.015807302005336046,0.0038295090198516846,0.05695151910185814
382,0.013968842001339113,0.01301930503022055,False,0.001588352976936827,0.018343438171030315,0.004740983247756958,0.07032018899917603
383,0.014859500341914189,0.016119811873174236,False,0.0023669975980581074,0.022673640482784353,0.007620513439178467,0.10218462347984314
384,0.016171287920502066,0.02236363543933758,False,0.0037627542293969395,0.031402325420561726,0.013232290744781494,0.1103118509054184
385,0.015257341489618754,0.015589152132481864,False,0.0019148019124542689,0.021963079272758017,0.004850924015045166,0.08554036915302277
386,0.011665044620004093,0.012641330721986524,False,0.0024054856054801727,0.017714969125659404,0.008639812469482422,0.06553137302398682
387,0.012744094585467082,0.012395112208436369,False,0.002153925328181882,0.017396500507688595,0.005087047815322876,0.06392572820186615
388,0.012324096546218489,0.018386355825018894,False,0.0021362612926439173,0.02591433259543197,0.006920129060745239,0.07467611134052277
389,0.014105232892732352,0.01427617148480428,False,0.0050601210806121965,0.019545161538071336,0.008658230304718018,0.081594318151474
390,0.013167783218698681,0.012858353030296329,False,0.001273313148217822,0.01813982274214326,0.0036230385303497314,0.06996352970600128
391,0.010733436338045858,0.0115525726966476,False,0.0019350558086784798,0.01622280553918528,0.005061745643615723,0.05804085358977318
392,0.00953665993394079,0.011037485438103158,False,0.002018879469544422,0.015478251933309609,0.0053671300411224365,0.04788845404982567
393,0.009848413884922462,0.011594916259806161,False,0.001962803538013237,0.01627979004930416,0.007107555866241455,0.06463156640529633
394,0.0100077185049415,0.014356091219842309,False,0.0016025027435000708,0.020239235034741145,0.006889164447784424,0.07797211408615112
395,0.012044871209463986,0.009606365128873069,True,0.0013802069459548686,0.013515159200623933,0.004357337951660156,0.04601050540804863
396,0.00914986334967671,0.011954528455058953,False,0.0011554582789609898,0.016866724746932595,0.00391387939453125,0.0627908706665039
397,0.009016284458330998,0.012353711070146838,False,0.0013561924784748244,0.01741806711933516,0.004022508859634399,0.07299846410751343
398,0.011397191902563114,0.01436515354909143,False,0.0017989443547354056,0.020235589112490536,0.00848454236984253,0.06675435602664948
399,0.013778692668121144,0.012715344030965593,False,0.002013243932840974,0.017869157373552044,0.005485594272613525,0.08588965237140656
400,0.009001919048106908,0.01201770011332183,False,0.0015842606984260298,0.016921593925276267,0.003769904375076294,0.05656259134411812
401,0.009192457116252608,0.010287470040988927,False,0.0013835169948975613,0.014482746828000088,0.0037163496017456055,0.05791749432682991
402,0.010194044819111072,0.012733073654409488,False,0.002640434137618974,0.017812648556114908,0.005672156810760498,0.07250566780567169
403,0.01153510965388905,0.013289411925936563,False,0.0046366591541614904,0.018213136328709422,0.007605016231536865,0.0599389374256134
404,0.010622861760657815,0.012954100829180866,False,0.003840494854198159,0.017912790896114406,0.007432878017425537,0.06412824988365173
405,0.010276651030664564,0.011981985850589225,False,0.001752183410484247,0.016854251544670493,0.003923147916793823,0.060055892914533615
406,0.01021972911662201,0.009902936468123385,False,0.0012418294929734757,0.013949700628154524,0.003603518009185791,0.059786971658468246
407,0.010087596664436115,0.01017502919235072,False,0.0017828962132701196,0.01427878558449192,0.004215896129608154,0.04777848348021507
408,0.010944375460269334,0.01032876944388936,False,0.0017662173985473078,0.014499911893533762,0.005436569452285767,0.04875728860497475
409,0.009234361347564817,0.011827309263961359,False,0.0025035562009279033,0.016537917378154802,0.008073955774307251,0.060256991535425186
410,0.008904559477024216,0.010934694603059176,False,0.0016039568187966975,0.015380585380414659,0.0038681626319885254,0.05423912778496742
411,0.00957034817425337,0.010220774985464826,False,0.001142939020614259,0.01440910000651403,0.004434406757354736,0.055249541997909546
412,0.010683170970059754,0.013549538343406527,False,0.0039744594701527315,0.018745228910398908,0.007190406322479248,0.05942939594388008
413,0.012733271011627632,0.01124743186013173,False,0.0014121713537316987,0.01584345940341277,0.003744661808013916,0.056941598653793335
414,0.010935401889435932,0.012458334526854823,False,0.0021895081286556904,0.017482170496320126,0.005121082067489624,0.06983695924282074
415,0.0104881294214313,0.01075902507911259,False,0.0017168029574940434,0.015118393264658404,0.008326977491378784,0.046841952949762344
416,0.010970076669082828,0.01497753332142553,False,0.0025989450163146103,0.021021381940399823,0.00743710994720459,0.06674109399318695
417,0.014072216896134965,0.014779182913063443,False,0.002076477292921054,0.020797517905554876,0.0053549110889434814,0.06492291390895844
418,0.012601582689494316,0.01443171316627591,False,0.0021751216819384934,0.020293287673074256,0.005205929279327393,0.06616272032260895
419,0.013316134849895937,0.015774819963218664,False,0.007507374616004064,0.021007837293744308,0.010171264410018921,0.09641978144645691
420,0.016320223806844013,0.012583247157682298,False,0.007140108184507003,0.01630015597525703,0.009547382593154907,0.05879753828048706
421,0.010678906885903791,0.012343374809466267,False,0.003994876212655174,0.01699290369979904,0.008570253849029541,0.06032808497548103
422,0.010128807856298475,0.012281700642886416,False,0.0025754386945881216,0.01717694565359458,0.008713185787200928,0.05645161494612694
423,0.012152083010091966,0.0157910848178421,False,0.001789467534474804,0.022260156177355675,0.003921627998352051,0.07085973024368286
424,0.013505960805245394,0.012901345855814221,False,0.0028249191931504487,0.018025239876453533,0.0068170130252838135,0.06730140745639801
425,0.012421014715354338,0.011461409626345913,False,0.0030930260799591314,0.015911034524682274,0.00787442922592163,0.06156894564628601
426,0.011083224732289705,0.014824409496200976,False,0.002561845572782224,0.020807767867764962,0.006271243095397949,0.08752048015594482
427,0.01485207645839864,0.010149190585875706,False,0.003091506307491762,0.0140162297815273,0.007487505674362183,0.05107313022017479
428,0.012166571757503904,0.012147411666501549,False,0.0023415114750685896,0.017018711008597406,0.005620598793029785,0.0548802874982357
429,0.01161094591106818,0.01573174344333899,False,0.00276846880712302,0.022075123811068943,0.006408601999282837,0.06817932426929474
430,0.01161486372707727,0.011200143983932705,False,0.0034978718837661293,0.0154483442444821,0.006895273923873901,0.047911640256643295
431,0.010018674603267596,0.012936814956910877,False,0.0017587419625504173,0.018210688731475806,0.004676938056945801,0.07033334672451019
432,0.010141437593641358,0.011341083037738701,False,0.0026153985646616452,0.015824032275556756,0.0052308738231658936,0.06260506808757782
433,0.00940581821899364,0.010170519185790141,False,0.0016545236869855565,0.014287808134574705,0.009696871042251587,0.05425901710987091
434,0.010179093986013228,0.01289413451335868,False,0.00433307531489937,0.01771275962295739,0.008848756551742554,0.08130888640880585
435,0.011338188520536575,0.01190723395474465,False,0.003238299407220721,0.01652506777992754,0.006350129842758179,0.05729670450091362
436,0.010906606961640425,0.013900754323513167,False,0.00175175388458074,0.01958043224176217,0.004867672920227051,0.07770314812660217
437,0.011329146678437237,0.013870190577321922,False,0.0028966453502530425,0.019400355294373145,0.007188081741333008,0.059316959232091904
438,0.010477691497752755,0.011759672140628322,False,0.004267270477562651,0.01607389694253275,0.00875931978225708,0.07110817730426788
439,0.011108290303072673,0.013688660858599882,False,0.002220247289649336,0.01923094793641293,0.008580267429351807,0.07357370853424072
440,0.01120918645330513,0.015006765761999198,False,0.001957984834848935,0.021132258303950283,0.00572580099105835,0.08202667534351349
441,0.012148139384608661,0.017487249977067562,False,0.00277630878548746,0.024574374293773585,0.006263047456741333,0.08512808382511139
442,0.017158509071769804,0.011501416384603579,False,0.005350222730954523,0.01536034623953032,0.00927591323852539,0.06196283921599388
443,0.012074052688385864,0.014336662397585184,False,0.0033623201329444053,0.019994364015136736,0.0057364702224731445,0.06496396660804749
444,0.011660632694763667,0.01376240677863701,False,0.0015985071162910602,0.019397228088041448,0.005727529525756836,0.0537780225276947
445,0.013230090078206911,0.015692032138933186,False,0.0024118432135107155,0.02206043511877844,0.006837040185928345,0.06963472068309784
446,0.012159905065582366,0.015337034642165449,False,0.0018490056437399476,0.021610885637996253,0.0072335898876190186,0.07578303664922714
447,0.011303803589398266,0.011826690127753427,False,0.0018775716537702773,0.016619745282744312,0.005906641483306885,0.07124641537666321
448,0.009924538469224224,0.013993529221887466,False,0.0021040305901769887,0.019677671900950572,0.012652784585952759,0.06302765011787415
449,0.0179493713627134,0.016942838831224157,False,0.0023819216849727044,0.023842106688155187,0.007062435150146484,0.11408702284097672
450,0.016861550035658673,0.016101857673145738,False,0.0035379415908279067,0.022494946523242142,0.006896615028381348,0.0731862485408783
451,0.012968730357218947,0.014287235327248243,False,0.002131974800796181,0.020092408187346027,0.006707251071929932,0.07871097326278687
452,0.014002205299329195,0.012492887887650673,False,0.0021973087551599322,0.01753044018430502,0.006799936294555664,0.0551827996969223
453,0.012795230581479146,0.014824244583368723,False,0.007190080003422626,0.01969312581789534,0.012315034866333008,0.07794338464736938
454,0.014444555763779886,0.013449635418064028,False,0.005414443748675988,0.01823373706040015,0.008253872394561768,0.07497614622116089
455,0.013580623073967563,0.013369978759329871,False,0.0019981114268071694,0.018802133492528805,0.007342278957366943,0.08239281177520752
456,0.014516748576266529,0.01988108025032867,False,0.002845193048804167,0.02797176519316326,0.00602295994758606,0.09159067273139954
457,0.014265799393424029,0.011587653411798222,False,0.0019118852070556872,0.016275506805532615,0.005399823188781738,0.06695036590099335
458,0.01033519390076589,0.01146733581031493,False,0.0015212387820144919,0.016145754373008685,0.004327505826950073,0.06387688219547272
459,0.009522228500881441,0.010899755264073932,False,0.0017838966900313505,0.01531101140503614,0.004365801811218262,0.06265881657600403
460,0.010908046863952066,0.015567034998248892,False,0.001504870995881129,0.02196361779704901,0.004032522439956665,0.09813287854194641
461,0.010814140066019568,0.011278942441119278,False,0.0026696807988205473,0.01572583563271837,0.007496237754821777,0.05715766176581383
462,0.010017845863656625,0.011832439268380927,False,0.003743406567827889,0.016309511421562794,0.00670894980430603,0.06425169110298157
463,0.009401347109066599,0.010906914218204767,False,0.004643532126679754,0.01470915133176738,0.00755271315574646,0.05625295639038086
464,0.008629042677823426,0.01027008211255271,False,0.0026022822141940996,0.01428906203802326,0.0055852532386779785,0.054567351937294006
465,0.008812949564232847,0.009639477773405233,False,0.0011267569828503593,0.013585635228219223,0.0037651360034942627,0.047676410526037216
466,0.009534264814689756,0.01171274826220273,False,0.0012673354990278998,0.016515773817635197,0.003104180097579956,0.057352978736162186
467,0.009531033002867602,0.010563670798525469,False,0.0022442841820599934,0.014769748794347845,0.004714339971542358,0.051221851259469986
468,0.009821478469960013,0.01381733186224281,False,0.0012663794529711836,0.01949957962091176,0.004549205303192139,0.07213637232780457
469,0.009075958705270185,0.010606851184695001,False,0.0011918240053189022,0.014952931291248292,0.0033369064331054688,0.053872790187597275
470,0.009998271055915468,0.011399179448850924,False,0.0013754692287059917,0.016062088041505447,0.003641188144683838,0.06762662529945374
471,0.00873940097212337,0.01335198406747573,False,0.0016279450198734696,0.018812249086930903,0.004444152116775513,0.060763899236917496
472,0.010647826285291425,0.010979641362932443,False,0.0036805635633004458,0.015085042141411622,0.006689548492431641,0.06192807853221893
473,0.008125223117858493,0.010665292682012585,False,0.001581558546280028,0.01499985376922537,0.003951609134674072,0.05736127123236656
474,0.01160127740275573,0.01144762061072594,False,0.003815085200611423,0.01573344091788867,0.006857246160507202,0.060691624879837036
475,0.01341001902575889,0.019105356064984553,False,0.0028378733904266666,0.026869607151465445,0.008241891860961914,0.10522481799125671
476,0.012954599175972066,0.009877217298210587,False,0.0035359766275646905,0.013513538007904299,0.006895542144775391,0.046709392219781876
477,0.009572801704160932,0.01121238672961159,False,0.0017153140551889943,0.01576365772715068,0.004346251487731934,0.06250910460948944
478,0.011897808889801104,0.015092924043859802,False,0.0016996702482966074,0.02127683708465885,0.004503726959228516,0.07324172556400299
479,0.01617064393425259,0.018616012821124857,False,0.0022367675925449287,0.02623182714329307,0.007782340049743652,0.09004983305931091
480,0.0158477545731815,0.012499723021597629,False,0.0032015543087230355,0.017384941795749922,0.006875842809677124,0.05710674822330475
481,0.011820264955775815,0.012523098833802166,False,0.0017199796949845996,0.017626618014925276,0.006731390953063965,0.06714169681072235
482,0.012714908970848133,0.015521076425039724,False,0.0019892959546300546,0.021859788288820393,0.004706680774688721,0.07317100465297699
483,0.010434756828871171,0.011431622642204445,False,0.0019664461927187387,0.016046716005824694,0.005001246929168701,0.0626300722360611
484,0.00966825493563257,0.010883208152804339,False,0.001865241078169996,0.015277738630194673,0.005447953939437866,0.06745266914367676
485,0.009868462370886481,0.014226880388672798,False,0.003239971751681424,0.01985726186530829,0.011104404926300049,0.06472259759902954
486,0.014123640841582236,0.01134875757549139,False,0.003618838050232579,0.01563625973073727,0.007589966058731079,0.05082986131310463
487,0.011246110555060532,0.015322864276430988,False,0.006051813970375718,0.020807592190269907,0.011584550142288208,0.074785515666008
488,0.012466369540466983,0.012029146135912182,False,0.0029253713036253887,0.016758368261720533,0.007426857948303223,0.07762736082077026
489,0.01434197484631489,0.01177437811374041,False,0.0040667988210800225,0.016147231690677315,0.010407090187072754,0.06247984990477562
490,0.0196269325064571,0.019065938447958907,False,0.004601509785916922,0.026567765548464718,0.008091390132904053,0.08371677994728088
491,0.0165615715718265,0.013852106544107807,False,0.002620372030216243,0.019413792763722425,0.006015777587890625,0.06477837264537811
492,0.014159135273446493,0.013807730411696915,False,0.002579539218861092,0.01935594924769167,0.005346775054931641,0.08060568571090698
493,0.011127616785559114,0.011249368251672356,False,0.0017118149544816741,0.015816645727137032,0.006819605827331543,0.07223032414913177
494,0.00948821270102454,0.013887626568647112,False,0.0020144086742249537,0.01953649212107071,0.006323903799057007,0.06498788297176361
495,0.010698690012126649,0.013405591740986905,False,0.003088910684677302,0.018705036222234295,0.006641805171966553,0.08796890079975128
496,0.00991448392326936,0.010615119635164526,False,0.002397778179531123,0.014819317555298316,0.006434917449951172,0.05824323371052742
epoch,train_loss,test_loss,bool_best,rmse_vx,rmse_vy,max_vx_err,max_vy_err
best: test_rmse_vx,rmse_vy,max_vx_err,max_vy_err
0.0013802069459548686,0.013515159200623933,0.004357337951660156,0.04601050540804863
validation: rmse_vx,rmse_vy,max_vx_err,max_vy_err
0.001439465874487584,0.011895802580776427,0.005342662334442139,0.09182457625865936
